{"type":"FeatureCollection","properties":{"source":"DataMeet Community Maps Project - Districts/Census_2011","state":"Madhya Pradesh","stateSlug":"madhya-pradesh"},"features":[{"type":"Feature","properties":{"DISTRICT":"Alirajpur","ST_NM":"Madhya Pradesh","ST_CEN_CD":23,"DT_CEN_CD":48,"censuscode":465},"geometry":{"type":"Polygon","coordinates":[[[74.3779,22.6364],[74.38873,22.61276],[74.4303,22.59094],[74.447,22.53944],[74.47067,22.52863],[74.47447,22.55302],[74.50439,22.57747],[74.59399,22.54099],[74.65092,22.57232],[74.65958,22.59991],[74.72726,22.58156],[74.74286,22.55802],[74.71795,22.53061],[74.7265,22.50319],[74.70772,22.47726],[74.74665,22.43431],[74.72364,22.43718],[74.69124,22.41339],[74.69117,22.36493],[74.63231,22.36226],[74.62216,22.34262],[74.63304,22.3103],[74.66382,22.3039],[74.64702,22.27235],[74.60145,22.26823],[74.58936,22.24157],[74.5621,22.24232],[74.55899,22.21845],[74.54147,22.23673],[74.51305,22.21922],[74.49632,22.16728],[74.53912,22.11737],[74.47142,22.11044],[74.47804,22.09428],[74.51422,22.09985],[74.49283,22.06337],[74.50294,22.0444],[74.38479,22.01826],[74.35096,21.97732],[74.29821,21.96563],[74.28674,21.93427],[74.18747,21.92565],[74.14169,21.95241],[74.14957,21.98475],[74.09593,21.99998],[74.0933,22.01384],[74.17665,22.08487],[74.15054,22.10379],[74.12605,22.09603],[74.11868,22.21117],[74.07154,22.22021],[74.08743,22.24201],[74.05488,22.30374],[74.06792,22.35855],[74.09594,22.37123],[74.13037,22.33055],[74.18729,22.3201],[74.20315,22.36576],[74.22344,22.35665],[74.22183,22.37631],[74.2421,22.37562],[74.25452,22.3981],[74.2908,22.3925],[74.25056,22.43111],[74.20103,22.43528],[74.18726,22.476],[74.18306,22.44228],[74.15735,22.43032],[74.14051,22.45488],[74.11917,22.41902],[74.10118,22.43164],[74.0995,22.46605],[74.07416,22.4639],[74.08142,22.50675],[74.05487,22.50881],[74.03895,22.48912],[74.03069,22.50666],[74.0407,22.54039],[74.06292,22.54914],[74.14969,22.51556],[74.19173,22.55495],[74.18663,22.56548],[74.21045,22.5655],[74.26222,22.6428],[74.37005,22.63439],[74.3779,22.6364]]]}},{"type":"Feature","properties":{"DISTRICT":"Anuppur","ST_NM":"Madhya Pradesh","ST_CEN_CD":23,"DT_CEN_CD":44,"censuscode":461},"geometry":{"type":"Polygon","coordinates":[[[81.19785,23.28945],[81.23023,23.25585],[81.23833,23.21804],[81.29848,23.17705],[81.30505,23.15322],[81.33274,23.14722],[81.31966,23.10293],[81.36897,23.08922],[81.39114,23.06144],[81.44157,23.0569],[81.52007,23.08141],[81.5518,23.06188],[81.52891,23.05173],[81.55695,23.02127],[81.60943,23.03718],[81.61717,23.0631],[81.55392,23.08947],[81.53854,23.11747],[81.59728,23.17033],[81.60209,23.19278],[81.56965,23.21281],[81.63169,23.22973],[81.6139,23.19686],[81.65553,23.19496],[81.67326,23.21317],[81.71987,23.20321],[81.75813,23.21364],[81.76818,23.2455],[81.79569,23.25994],[81.8832,23.23874],[81.86419,23.27625],[81.82035,23.30721],[81.85535,23.31856],[81.87637,23.29729],[81.93369,23.3501],[81.94314,23.3863],[81.97028,23.37058],[81.9812,23.41649],[82.02356,23.42244],[82.02211,23.38688],[82.05331,23.37688],[82.06436,23.39253],[82.10607,23.39673],[82.11548,23.35756],[82.1454,23.36094],[82.19755,23.31076],[82.19395,23.27693],[82.15001,23.227],[82.14485,23.16435],[82.16158,23.15055],[82.13575,23.11156],[82.06888,23.11532],[82.03158,23.07951],[81.94558,23.07712],[81.9259,23.04033],[81.94469,23.0089],[81.9477,22.95658],[81.86745,22.91446],[81.86376,22.89036],[81.77682,22.87295],[81.76826,22.83383],[81.79169,22.76623],[81.75399,22.72611],[81.77335,22.67583],[81.75629,22.64583],[81.73031,22.67589],[81.73921,22.68877],[81.69437,22.71303],[81.7039,22.74565],[81.69227,22.7786],[81.64598,22.78363],[81.59707,22.7575],[81.52989,22.75023],[81.50947,22.76384],[81.47616,22.759],[81.40631,22.85051],[81.36076,22.849],[81.19904,22.91324],[81.18872,22.95077],[81.21047,23.01597],[81.23155,23.05777],[81.25522,23.05294],[81.26364,23.06967],[81.24286,23.10889],[81.2138,23.1173],[81.21491,23.13807],[81.19493,23.12984],[81.18197,23.15318],[81.19245,23.16586],[81.16111,23.16517],[81.12493,23.21621],[81.13916,23.24231],[81.13782,23.31994],[81.16954,23.33089],[81.18066,23.31701],[81.16766,23.29806],[81.19359,23.28962],[81.19785,23.28945]]]}},{"type":"Feature","properties":{"DISTRICT":"Ashoknagar","ST_NM":"Madhya Pradesh","ST_CEN_CD":23,"DT_CEN_CD":42,"censuscode":459},"geometry":{"type":"Polygon","coordinates":[[[78.17164,24.84328],[78.21529,24.80821],[78.23214,24.77174],[78.22668,24.74256],[78.27427,24.66484],[78.26504,24.55352],[78.22264,24.52698],[78.24627,24.50494],[78.24572,24.48483],[78.27577,24.4685],[78.25613,24.43233],[78.16816,24.39543],[78.14866,24.35705],[78.09272,24.3191],[78.09336,24.25743],[78.06952,24.25701],[78.03032,24.28893],[78.00778,24.23854],[77.96617,24.24786],[77.94213,24.23123],[77.92716,24.26837],[77.88599,24.27962],[77.8915,24.31505],[77.69726,24.30245],[77.62014,24.33184],[77.62197,24.35051],[77.66655,24.36461],[77.68894,24.38918],[77.72168,24.38805],[77.73584,24.42891],[77.6818,24.40058],[77.65572,24.40293],[77.65468,24.42039],[77.63445,24.42769],[77.59137,24.3741],[77.47645,24.43274],[77.47595,24.46449],[77.49787,24.46904],[77.49159,24.55767],[77.47581,24.58789],[77.48211,24.63216],[77.55466,24.73645],[77.52066,24.83115],[77.58712,24.8886],[77.54263,24.9052],[77.58228,24.96078],[77.59736,24.9544],[77.59258,24.92587],[77.61042,24.92732],[77.67316,24.86529],[77.70622,24.85204],[77.74827,24.86676],[77.82622,24.99953],[77.88529,25.00612],[77.91309,24.98211],[77.95214,24.98627],[77.96292,24.96512],[78.017,24.95305],[77.98236,24.91232],[77.97378,24.84492],[77.99786,24.85059],[78.0216,24.83591],[78.0489,24.85585],[78.11188,24.83519],[78.16817,24.83996],[78.17164,24.84328]]]}},{"type":"Feature","properties":{"DISTRICT":"Balaghat","ST_NM":"Madhya Pradesh","ST_CEN_CD":23,"DT_CEN_CD":40,"censuscode":457},"geometry":{"type":"Polygon","coordinates":[[[80.81289,22.39159],[80.86415,22.37716],[80.89259,22.34916],[80.88231,22.33263],[80.9291,22.3305],[80.90508,22.30229],[80.91617,22.27822],[80.99998,22.2882],[81.04756,22.24022],[81.02282,22.21986],[81.03288,22.19739],[81.0188,22.18371],[81.02289,22.13249],[80.97884,22.12124],[81.01077,22.09671],[81.00625,22.06137],[80.99483,22.04836],[80.97047,22.05819],[80.95759,22.11274],[80.91789,22.11885],[80.85279,21.96077],[80.82545,21.95663],[80.84355,21.93555],[80.83079,21.89782],[80.84658,21.87538],[80.83868,21.80489],[80.81817,21.74764],[80.78969,21.7397],[80.74991,21.75802],[80.72546,21.71195],[80.71443,21.66425],[80.72938,21.623],[80.71616,21.58703],[80.73759,21.53909],[80.73716,21.47253],[80.66342,21.33138],[80.60003,21.32535],[80.52625,21.38996],[80.49228,21.39797],[80.45509,21.40262],[80.44717,21.37243],[80.41013,21.37678],[80.39581,21.40761],[80.41806,21.43841],[80.37596,21.52294],[80.33114,21.54868],[80.32689,21.5735],[80.2986,21.57791],[80.2669,21.61993],[80.22294,21.62009],[80.20702,21.63441],[80.15051,21.60468],[80.12151,21.60669],[80.07008,21.55428],[80.03472,21.557],[80.00001,21.53437],[79.9727,21.55687],[79.94282,21.55637],[79.92222,21.52408],[79.86344,21.53045],[79.79812,21.58081],[79.73889,21.60185],[79.66434,21.57662],[79.65368,21.55648],[79.58227,21.54262],[79.54271,21.54344],[79.54364,21.56818],[79.51189,21.5894],[79.54249,21.60403],[79.54112,21.62626],[79.59511,21.6435],[79.58847,21.65526],[79.61059,21.68565],[79.60123,21.70794],[79.67422,21.69466],[79.6577,21.73377],[79.6819,21.74463],[79.6924,21.79929],[79.76951,21.80659],[79.79553,21.84304],[79.78223,21.86242],[79.81895,21.86865],[79.8411,21.8843],[79.8414,21.90338],[79.87106,21.89878],[79.89267,21.92855],[79.83874,21.93885],[79.86388,21.96603],[79.92406,21.97055],[79.92943,22.0618],[80.00515,22.08239],[80.07004,22.07638],[80.035,22.18162],[80.09709,22.24488],[80.0828,22.29848],[80.10026,22.34021],[80.15632,22.34887],[80.16926,22.32724],[80.23616,22.30068],[80.3255,22.34469],[80.3448,22.32847],[80.34149,22.29848],[80.39724,22.30543],[80.4193,22.28051],[80.41827,22.24553],[80.44727,22.24751],[80.46485,22.27912],[80.50684,22.27468],[80.53602,22.2406],[80.70619,22.20391],[80.72874,22.22091],[80.7044,22.25057],[80.70574,22.27253],[80.78753,22.31276],[80.79567,22.39331],[80.81236,22.39259],[80.81289,22.39159]]]}},{"type":"Feature","properties":{"DISTRICT":"Barwani","ST_NM":"Madhya Pradesh","ST_CEN_CD":23,"DT_CEN_CD":24,"censuscode":441},"geometry":{"type":"Polygon","coordinates":[[[75.61889,21.39088],[75.5473,21.37025],[75.46738,21.39196],[75.39716,21.38077],[75.36005,21.40102],[75.30041,21.38708],[75.29815,21.41347],[75.21815,21.40871],[75.11315,21.45742],[75.05572,21.56276],[74.89948,21.6281],[74.86236,21.63192],[74.82984,21.60883],[74.79034,21.6083],[74.58726,21.66223],[74.58088,21.6828],[74.55392,21.68162],[74.54837,21.71702],[74.50829,21.72305],[74.50024,21.80525],[74.52428,21.90678],[74.4901,21.9525],[74.44524,21.96917],[74.43282,22.00027],[74.45048,22.00419],[74.43219,22.02903],[74.52702,22.04944],[74.56083,22.02202],[74.58726,22.02057],[74.67591,22.03372],[74.77823,22.07698],[74.82991,22.05996],[74.90463,22.08221],[75.18938,22.1031],[75.31915,22.13366],[75.39683,22.09132],[75.40269,22.07621],[75.38634,22.07175],[75.45552,22.06896],[75.41609,22.05755],[75.4202,22.02765],[75.44521,22.02426],[75.3971,21.9878],[75.35379,21.98067],[75.33699,21.91154],[75.30768,21.9086],[75.29566,21.92462],[75.28574,21.91501],[75.28078,21.87147],[75.30987,21.83895],[75.27608,21.79912],[75.28159,21.74173],[75.21783,21.73586],[75.21072,21.7092],[75.26822,21.68062],[75.29657,21.63427],[75.34015,21.66647],[75.44042,21.6758],[75.45267,21.64054],[75.50489,21.61411],[75.46447,21.54961],[75.4663,21.51654],[75.49844,21.48897],[75.60832,21.45989],[75.59194,21.42314],[75.6212,21.39104],[75.61889,21.39088]]]}},{"type":"Feature","properties":{"DISTRICT":"Betul","ST_NM":"Madhya Pradesh","ST_CEN_CD":23,"DT_CEN_CD":30,"censuscode":447},"geometry":{"type":"MultiPolygon","coordinates":[[[[78.27686,22.39921],[78.28312,22.35229],[78.24902,22.32287],[78.26654,22.26691],[78.29498,22.25318],[78.26728,22.22232],[78.27816,22.09125],[78.34508,22.11021],[78.34724,22.05474],[78.4022,22.00512],[78.39007,21.92641],[78.41975,21.95457],[78.46997,21.9607],[78.518,21.93289],[78.52081,21.90918],[78.54195,21.9081],[78.5467,21.867],[78.52591,21.83669],[78.46964,21.81519],[78.4988,21.79213],[78.47331,21.78505],[78.46175,21.72294],[78.42965,21.7182],[78.42185,21.69069],[78.39013,21.66603],[78.39473,21.6394],[78.36726,21.62019],[78.35051,21.62792],[78.32767,21.57562],[78.30879,21.56967],[78.27076,21.59246],[78.26003,21.58343],[78.2739,21.56892],[78.18544,21.55683],[78.17381,21.49673],[77.94286,21.38513],[77.88588,21.37589],[77.80325,21.41042],[77.79731,21.38888],[77.75027,21.38233],[77.73764,21.36285],[77.70895,21.3572],[77.69484,21.39514],[77.67088,21.36958],[77.65461,21.39145],[77.6051,21.3916],[77.60837,21.36506],[77.58796,21.36254],[77.53058,21.419],[77.51392,21.37477],[77.49038,21.37574],[77.47264,21.4548],[77.44163,21.47079],[77.42209,21.51865],[77.42681,21.54035],[77.46086,21.55437],[77.57052,21.52762],[77.61073,21.54064],[77.57455,21.56046],[77.5749,21.62481],[77.54575,21.6987],[77.48123,21.7678],[77.40447,21.75374],[77.2831,21.75877],[77.28627,21.72178],[77.22761,21.71543],[77.21038,21.69156],[77.17436,21.72478],[77.16066,21.71093],[77.06051,21.71686],[77.07932,21.7696],[77.10731,21.77676],[77.10052,21.78614],[77.12433,21.77463],[77.19763,21.7886],[77.17047,21.80789],[77.16556,21.86486],[77.21211,21.86745],[77.20687,21.89029],[77.24663,21.91251],[77.27584,21.96407],[77.39492,21.99662],[77.39703,22.02494],[77.49834,22.03347],[77.50283,22.0765],[77.45464,22.08538],[77.46655,22.16717],[77.41622,22.17484],[77.36261,22.21824],[77.35642,22.24913],[77.3795,22.24817],[77.38549,22.22639],[77.44335,22.21896],[77.54423,22.35492],[77.54981,22.33821],[77.58689,22.3426],[77.65037,22.30624],[77.68413,22.32309],[77.74281,22.3183],[77.74738,22.34507],[77.7853,22.32716],[77.85684,22.35578],[77.85711,22.28042],[77.87565,22.2798],[77.94026,22.3341],[77.98829,22.31737],[78.17966,22.39517],[78.27537,22.40094],[78.27686,22.39921]]],[[[77.02596,21.69128],[77.0118,21.71889],[77.03157,21.72289],[77.03182,21.69357],[77.02596,21.69128]]]]}},{"type":"Feature","properties":{"DISTRICT":"Bhind","ST_NM":"Madhya Pradesh","ST_CEN_CD":23,"DT_CEN_CD":3,"censuscode":420},"geometry":{"type":"MultiPolygon","coordinates":[[[[78.72707,26.77589],[78.74978,26.7867],[78.77507,26.75873],[78.81483,26.76298],[78.87363,26.69889],[78.91269,26.7076],[78.95688,26.69098],[78.94662,26.65693],[79.00193,26.67882],[78.99593,26.63844],[79.01435,26.60475],[78.98668,26.58671],[78.98824,26.56837],[78.99999,26.57659],[79.0066,26.54524],[79.02918,26.54597],[79.06955,26.49763],[79.057,26.4504],[79.13535,26.43918],[79.12578,26.4115],[79.09536,26.4122],[79.09897,26.37378],[79.08525,26.36042],[79.14224,26.33938],[79.12412,26.32951],[79.13504,26.31047],[79.10227,26.30637],[79.09195,26.26686],[79.07565,26.28205],[79.04537,26.26143],[79.071,26.24138],[79.06536,26.22735],[79.0379,26.22653],[79.01869,26.24623],[78.99257,26.23745],[79.029,26.20413],[78.98399,26.18726],[79.01163,26.16744],[79.00892,26.14947],[78.97353,26.15026],[78.95083,26.13363],[79.01129,26.07632],[78.95238,26.03149],[78.95121,25.98525],[78.93162,25.97543],[78.9375,25.94395],[78.86919,25.90488],[78.83845,25.94451],[78.81289,25.93849],[78.78487,25.96057],[78.7881,26.01031],[78.77433,26.01688],[78.79,26.04208],[78.81519,26.04237],[78.79873,26.05609],[78.82833,26.06625],[78.80369,26.08926],[78.84483,26.10938],[78.80268,26.16681],[78.83705,26.19969],[78.79229,26.22567],[78.82709,26.26409],[78.8219,26.28483],[78.79238,26.28867],[78.7549,26.26369],[78.74215,26.22634],[78.69792,26.21479],[78.69446,26.16513],[78.64743,26.17029],[78.6292,26.15682],[78.61587,26.21866],[78.61051,26.19461],[78.58373,26.21464],[78.54664,26.1918],[78.49923,26.2616],[78.48243,26.26565],[78.47074,26.24851],[78.44417,26.2597],[78.4158,26.29667],[78.41868,26.33146],[78.33198,26.34702],[78.26425,26.33768],[78.26213,26.35914],[78.29355,26.40632],[78.28948,26.43861],[78.25627,26.44303],[78.26623,26.46044],[78.24454,26.46529],[78.21208,26.52064],[78.24254,26.52632],[78.23125,26.5317],[78.23968,26.54395],[78.26837,26.5352],[78.27156,26.56574],[78.30091,26.59103],[78.31189,26.5509],[78.33855,26.54486],[78.3712,26.58853],[78.38669,26.58625],[78.38124,26.60356],[78.41914,26.58934],[78.43686,26.63769],[78.46974,26.64861],[78.46272,26.67142],[78.4958,26.67024],[78.51161,26.68634],[78.52949,26.67569],[78.5146,26.72095],[78.53781,26.73361],[78.54359,26.76585],[78.61054,26.75026],[78.62906,26.76939],[78.66765,26.76342],[78.69211,26.78878],[78.72406,26.79439],[78.72653,26.78135],[78.72707,26.77589]]]]}},{"type":"Feature","properties":{"DISTRICT":"Bhopal","ST_NM":"Madhya Pradesh","ST_CEN_CD":23,"DT_CEN_CD":27,"censuscode":444},"geometry":{"type":"Polygon","coordinates":[[[77.31863,23.89379],[77.3748,23.88402],[77.40032,23.8546],[77.39468,23.83316],[77.41761,23.80472],[77.44771,23.79649],[77.43602,23.7835],[77.45747,23.7651],[77.50354,23.77832],[77.55024,23.75769],[77.57425,23.76863],[77.61382,23.74988],[77.60458,23.7305],[77.62022,23.7152],[77.64996,23.71803],[77.6343,23.66434],[77.57345,23.64934],[77.55773,23.59785],[77.50909,23.57596],[77.52196,23.51761],[77.49228,23.42717],[77.51413,23.41313],[77.52723,23.42711],[77.55894,23.4238],[77.5585,23.37827],[77.58325,23.35333],[77.62801,23.35419],[77.62559,23.32909],[77.58461,23.28483],[77.60039,23.22915],[77.58585,23.18626],[77.56648,23.17991],[77.5679,23.14459],[77.45398,23.09263],[77.28648,23.10205],[77.24123,23.19441],[77.21719,23.20339],[77.22097,23.22693],[77.19708,23.22175],[77.18949,23.23418],[77.21728,23.25806],[77.22369,23.29061],[77.18044,23.30778],[77.18714,23.35661],[77.20402,23.35967],[77.22725,23.32821],[77.23093,23.35683],[77.26196,23.38431],[77.23795,23.39627],[77.24492,23.40926],[77.28114,23.4084],[77.29835,23.43159],[77.28567,23.56575],[77.29835,23.58214],[77.27605,23.61049],[77.22903,23.62605],[77.22213,23.66621],[77.19962,23.6596],[77.17019,23.69281],[77.21533,23.79384],[77.22756,23.89585],[77.31981,23.88535],[77.31863,23.89379]]]}},{"type":"Feature","properties":{"DISTRICT":"Burhanpur","ST_NM":"Madhya Pradesh","ST_CEN_CD":23,"DT_CEN_CD":50,"censuscode":467},"geometry":{"type":"Polygon","coordinates":[[[76.78235,21.56005],[76.78993,21.53772],[76.76498,21.52025],[76.79389,21.48753],[76.78624,21.46415],[76.74537,21.44082],[76.73402,21.40652],[76.6262,21.33286],[76.6628,21.28023],[76.6602,21.24566],[76.64425,21.24557],[76.62499,21.19054],[76.56085,21.20368],[76.5306,21.18717],[76.49248,21.19569],[76.4539,21.11281],[76.41293,21.1052],[76.37737,21.07526],[76.28255,21.07325],[76.26287,21.09262],[76.16918,21.08374],[76.16901,21.10332],[76.13614,21.1241],[76.1404,21.13795],[76.11439,21.1625],[76.12788,21.17577],[76.16742,21.16858],[76.17332,21.18613],[76.16463,21.22197],[76.14495,21.23589],[76.15981,21.25692],[76.10748,21.35789],[76.09918,21.37161],[76.05277,21.3504],[75.99189,21.37377],[76.01086,21.41883],[76.00918,21.47693],[75.94853,21.48088],[75.95405,21.54455],[76.02881,21.54815],[76.12855,21.59357],[76.17818,21.54077],[76.21373,21.56861],[76.29066,21.59358],[76.29496,21.57558],[76.35522,21.56583],[76.37649,21.59584],[76.41922,21.59756],[76.4234,21.58437],[76.43954,21.59449],[76.51231,21.56109],[76.61764,21.57347],[76.7097,21.55931],[76.74481,21.57611],[76.75626,21.55606],[76.77481,21.55722],[76.78235,21.56005]]]}},{"type":"Feature","properties":{"DISTRICT":"Chhatarpur","ST_NM":"Madhya Pradesh","ST_CEN_CD":23,"DT_CEN_CD":8,"censuscode":425},"geometry":{"type":"Polygon","coordinates":[[[80.30592,25.40053],[80.32149,25.36779],[80.3122,25.28448],[80.34915,25.27422],[80.3862,25.2332],[80.40723,25.23866],[80.43182,25.16991],[80.35938,25.14064],[80.2749,25.02604],[80.16215,24.96204],[80.15002,24.93632],[80.05437,24.93806],[80.03522,24.92172],[80.06262,24.85924],[80.0908,24.84016],[80.08613,24.80923],[79.99773,24.72318],[79.95978,24.65664],[79.9279,24.68748],[79.89729,24.69304],[79.8466,24.61248],[79.85962,24.58281],[79.88961,24.59119],[79.90288,24.57312],[79.87684,24.57061],[79.88436,24.52019],[79.86777,24.50709],[79.88308,24.47655],[79.86814,24.45785],[79.88352,24.37434],[79.84592,24.35163],[79.84159,24.37394],[79.77742,24.38173],[79.75177,24.41483],[79.70591,24.37956],[79.68829,24.39555],[79.67951,24.37449],[79.62679,24.37562],[79.62155,24.41862],[79.57114,24.44551],[79.54644,24.42243],[79.56259,24.3881],[79.51143,24.39944],[79.47312,24.38676],[79.44033,24.41191],[79.42993,24.39295],[79.39548,24.38564],[79.41139,24.35046],[79.38826,24.21296],[79.3641,24.19163],[79.30338,24.18289],[79.32735,24.1455],[79.25513,24.14876],[79.185,24.11822],[79.16321,24.12251],[79.13962,24.09873],[79.07582,24.12892],[79.04702,24.21779],[79.06284,24.22643],[79.06747,24.26266],[79.0928,24.2431],[79.11211,24.26322],[79.14014,24.2531],[79.17283,24.2772],[79.16933,24.30548],[79.18501,24.31651],[79.14092,24.36898],[79.15295,24.3744],[79.15101,24.40493],[79.16639,24.40567],[79.15959,24.37223],[79.19697,24.35875],[79.19802,24.33362],[79.23298,24.33897],[79.23187,24.36008],[79.25311,24.37019],[79.24312,24.41306],[79.17423,24.43094],[79.07341,24.40271],[79.05441,24.36976],[79.01766,24.38216],[79.006,24.37104],[78.98875,24.44288],[79.01794,24.5351],[79.071,24.59311],[79.06668,24.62298],[79.19302,24.61235],[79.21945,24.66135],[79.29704,24.67469],[79.32104,24.73993],[79.30796,24.8055],[79.3493,24.90061],[79.33172,25.04577],[79.3444,25.07258],[79.33788,25.12166],[79.28635,25.19257],[79.28117,25.24325],[79.33294,25.2176],[79.34017,25.19602],[79.35456,25.20942],[79.33672,25.22507],[79.34874,25.22565],[79.35217,25.25944],[79.33955,25.2714],[79.31765,25.25705],[79.29537,25.28535],[79.26956,25.26284],[79.27521,25.31383],[79.3024,25.33528],[79.35228,25.32953],[79.33841,25.28917],[79.35738,25.28355],[79.36594,25.25867],[79.37511,25.28945],[79.42299,25.25439],[79.46515,25.27905],[79.49814,25.26554],[79.4669,25.26464],[79.43468,25.22025],[79.45036,25.20778],[79.4172,25.20397],[79.39146,25.16551],[79.4067,25.10874],[79.4227,25.13436],[79.43874,25.13067],[79.43864,25.1028],[79.476,25.12974],[79.46811,25.09165],[79.49746,25.07809],[79.57323,25.17285],[79.5974,25.14261],[79.61052,25.1501],[79.60558,25.12679],[79.62775,25.13802],[79.6739,25.1225],[79.75343,25.1393],[79.85702,25.09248],[79.85549,25.12887],[79.88004,25.14398],[79.85506,25.23559],[79.91035,25.25232],[79.92141,25.22887],[79.95057,25.26729],[80.00474,25.26409],[80.02883,25.33855],[80.09142,25.35125],[80.13144,25.33389],[80.16735,25.37309],[80.19609,25.37911],[80.20216,25.41166],[80.25343,25.40036],[80.26413,25.42417],[80.30357,25.40326],[80.30592,25.40053]],[[79.37148,25.1812],[79.35658,25.17429],[79.37321,25.17974],[79.37148,25.1812]],[[79.38883,25.09885],[79.36727,25.12704],[79.37614,25.14098],[79.36357,25.14191],[79.35274,25.11598],[79.38116,25.09902],[79.38219,25.06545],[79.35394,25.06731],[79.35949,25.03983],[79.37561,25.05034],[79.41314,25.03364],[79.42607,25.05249],[79.39068,25.09376],[79.38883,25.09885]]]}},{"type":"Feature","properties":{"DISTRICT":"Chhindwara","ST_NM":"Madhya Pradesh","ST_CEN_CD":23,"DT_CEN_CD":38,"censuscode":455},"geometry":{"type":"Polygon","coordinates":[[[79.32562,22.61559],[79.37429,22.59914],[79.32119,22.53897],[79.34513,22.48564],[79.23746,22.47326],[79.19965,22.44793],[79.22461,22.42362],[79.23678,22.4467],[79.26622,22.45332],[79.32413,22.4334],[79.33531,22.44287],[79.33697,22.42298],[79.29903,22.41465],[79.28531,22.37524],[79.31845,22.39301],[79.34412,22.38444],[79.35398,22.3495],[79.28696,22.3145],[79.30517,22.28979],[79.34384,22.28476],[79.36377,22.26358],[79.36642,22.22107],[79.33648,22.24029],[79.3258,22.22443],[79.35633,22.1327],[79.3932,22.10209],[79.37767,22.08374],[79.39013,22.04247],[79.40875,22.04035],[79.39721,21.9911],[79.37624,21.9915],[79.37441,21.97154],[79.34236,21.95225],[79.34857,21.92378],[79.32832,21.91792],[79.2775,21.83457],[79.29413,21.80964],[79.28577,21.77815],[79.22953,21.75498],[79.23274,21.65645],[79.15356,21.65926],[79.09374,21.59796],[79.01512,21.60021],[79.00001,21.61743],[78.91869,21.591],[78.91709,21.56957],[78.93329,21.55898],[78.90987,21.55352],[78.94611,21.51247],[78.93728,21.48619],[78.90118,21.49932],[78.88525,21.48372],[78.7899,21.48781],[78.77746,21.46582],[78.75172,21.49251],[78.72939,21.46304],[78.68923,21.48057],[78.5899,21.48541],[78.57155,21.51418],[78.51352,21.52685],[78.48531,21.50455],[78.43493,21.50015],[78.41833,21.57604],[78.42741,21.60022],[78.3805,21.61567],[78.38241,21.59385],[78.35942,21.57517],[78.34377,21.60626],[78.35051,21.62792],[78.36726,21.62019],[78.39473,21.6394],[78.39013,21.66603],[78.42185,21.69069],[78.42965,21.7182],[78.4585,21.71794],[78.47331,21.78505],[78.4988,21.79213],[78.46964,21.81519],[78.54134,21.85305],[78.54195,21.9081],[78.52081,21.90918],[78.518,21.93289],[78.46744,21.96144],[78.41975,21.95457],[78.39007,21.92641],[78.4022,22.00512],[78.34724,22.05474],[78.34508,22.11021],[78.27816,22.09125],[78.26728,22.22232],[78.29498,22.25318],[78.26654,22.26691],[78.24902,22.32287],[78.28312,22.35229],[78.27747,22.40949],[78.32108,22.42433],[78.3797,22.41935],[78.42523,22.3833],[78.46122,22.37993],[78.56139,22.42323],[78.55113,22.45714],[78.5145,22.47991],[78.54842,22.53207],[78.50019,22.59581],[78.50066,22.6373],[78.52285,22.66419],[78.61117,22.65032],[78.62761,22.6779],[78.67984,22.69938],[78.68672,22.6565],[78.76017,22.62147],[78.78405,22.62907],[78.77987,22.64793],[78.81869,22.65551],[78.84865,22.68426],[78.91091,22.67302],[78.94463,22.62691],[78.99419,22.61824],[79.01888,22.64851],[79.00611,22.69042],[79.02711,22.70822],[79.01707,22.73945],[79.04466,22.75883],[79.08796,22.74342],[79.13748,22.78812],[79.17813,22.78599],[79.2295,22.81501],[79.26195,22.73947],[79.24432,22.7181],[79.26577,22.68563],[79.29634,22.681],[79.28457,22.65402],[79.30539,22.64546],[79.29891,22.61805],[79.32562,22.61559]]]}},{"type":"Feature","properties":{"DISTRICT":"Damoh","ST_NM":"Madhya Pradesh","ST_CEN_CD":23,"DT_CEN_CD":11,"censuscode":428},"geometry":{"type":"Polygon","coordinates":[[[79.79736,24.37289],[79.8221,24.34627],[79.80453,24.31684],[79.83604,24.31955],[79.85874,24.29858],[79.81385,24.28356],[79.80955,24.26529],[79.84645,24.24386],[79.84247,24.21613],[79.81572,24.1998],[79.81251,24.15889],[79.73923,24.05485],[79.75554,24.05308],[79.76174,24.03282],[79.84538,24.02176],[79.83817,24.00414],[79.85782,23.98615],[79.83883,23.93313],[79.87059,23.90227],[79.85668,23.85114],[79.87139,23.81725],[79.81975,23.73853],[79.83838,23.71716],[79.8281,23.69714],[79.93666,23.67783],[79.95631,23.65626],[79.94506,23.6372],[79.95407,23.62011],[79.90599,23.58182],[79.85067,23.50522],[79.82848,23.51223],[79.78679,23.45088],[79.73832,23.43229],[79.67294,23.33504],[79.53973,23.261],[79.49156,23.25705],[79.42553,23.19216],[79.33008,23.14738],[79.30647,23.23197],[79.27035,23.21332],[79.26543,23.24009],[79.2316,23.25019],[79.22687,23.22436],[79.19676,23.23905],[79.17615,23.22032],[79.17139,23.24934],[79.21421,23.25991],[79.23014,23.2899],[79.2113,23.317],[79.23623,23.33878],[79.21889,23.36355],[79.19081,23.36769],[79.18734,23.40153],[79.20163,23.41383],[79.18272,23.43077],[79.21946,23.43604],[79.22693,23.45835],[79.28602,23.47706],[79.29951,23.51305],[79.3297,23.52253],[79.32515,23.54947],[79.2989,23.56849],[79.31826,23.58495],[79.30297,23.59675],[79.30119,23.63766],[79.33599,23.6295],[79.35199,23.65699],[79.28671,23.68993],[79.29871,23.707],[79.29191,23.7445],[79.27251,23.74252],[79.22167,23.78436],[79.25001,23.82537],[79.15132,23.84734],[79.09444,23.91815],[79.07806,23.90407],[79.0569,23.92151],[79.09816,23.95378],[79.0839,23.97343],[79.13419,23.97729],[79.18801,24.01248],[79.14589,24.10092],[79.16014,24.12082],[79.25513,24.14876],[79.3228,24.14339],[79.33262,24.15096],[79.30338,24.18289],[79.37936,24.1985],[79.41139,24.35046],[79.39288,24.3683],[79.39661,24.38737],[79.42993,24.39295],[79.44033,24.41191],[79.47312,24.38676],[79.51143,24.39944],[79.56259,24.3881],[79.54644,24.42243],[79.57114,24.44551],[79.62155,24.41862],[79.62679,24.37562],[79.67951,24.37449],[79.68829,24.39555],[79.70591,24.37956],[79.75177,24.41483],[79.77742,24.38173],[79.79736,24.37289]]]}},{"type":"Feature","properties":{"DISTRICT":"Datia","ST_NM":"Madhya Pradesh","ST_CEN_CD":23,"DT_CEN_CD":5,"censuscode":422},"geometry":{"type":"Polygon","coordinates":[[[78.77482,26.0155],[78.74833,26.0104],[78.74041,26.03776],[78.72367,26.03391],[78.71709,26.02295],[78.74291,26.00604],[78.72705,25.94455],[78.70462,25.95434],[78.71132,25.92283],[78.69169,25.91654],[78.65473,25.93953],[78.65842,25.91528],[78.6159,25.90905],[78.63119,25.87403],[78.62655,25.82797],[78.65155,25.82139],[78.65814,25.83799],[78.6746,25.83622],[78.68578,25.81932],[78.66148,25.79618],[78.68805,25.78271],[78.68082,25.75093],[78.71611,25.73334],[78.70918,25.67225],[78.67959,25.63588],[78.68973,25.60436],[78.66088,25.62971],[78.64276,25.58164],[78.61311,25.58359],[78.58852,25.55904],[78.49353,25.57694],[78.45635,25.54746],[78.44427,25.55908],[78.4548,25.57428],[78.46384,25.56384],[78.46768,25.58444],[78.44449,25.59452],[78.39766,25.57044],[78.41028,25.59809],[78.38885,25.6075],[78.37575,25.66077],[78.3355,25.66396],[78.30802,25.70443],[78.28322,25.70147],[78.26034,25.71898],[78.24771,25.71469],[78.24956,25.69134],[78.2163,25.69922],[78.22892,25.72544],[78.28106,25.7501],[78.28094,25.78098],[78.32187,25.79404],[78.32513,25.82734],[78.39018,25.83542],[78.39138,25.85406],[78.47066,25.90824],[78.48519,25.96142],[78.54128,25.97473],[78.60824,26.04739],[78.64667,26.06204],[78.64154,26.08367],[78.60806,26.0991],[78.61232,26.12963],[78.65174,26.12481],[78.63138,26.16181],[78.69446,26.16513],[78.69792,26.21479],[78.74215,26.22634],[78.7549,26.26369],[78.80276,26.28876],[78.82767,26.26749],[78.79229,26.22567],[78.83735,26.1963],[78.80268,26.16681],[78.84483,26.10938],[78.80369,26.08926],[78.82833,26.06625],[78.79873,26.05609],[78.81519,26.04237],[78.79,26.04208],[78.77433,26.01688],[78.77482,26.0155]]]}},{"type":"Feature","properties":{"DISTRICT":"Dewas","ST_NM":"Madhya Pradesh","ST_CEN_CD":23,"DT_CEN_CD":20,"censuscode":437},"geometry":{"type":"Polygon","coordinates":[[[76.11331,23.24125],[76.24737,23.21286],[76.35941,23.23035],[76.40927,23.21718],[76.4259,23.19093],[76.50898,23.17889],[76.53839,23.12872],[76.49584,23.10634],[76.51883,23.08786],[76.51619,23.07281],[76.44928,23.08699],[76.46245,23.07129],[76.4492,23.02402],[76.47009,22.99974],[76.44625,22.98559],[76.47346,22.97009],[76.45172,22.9287],[76.46449,22.90159],[76.49846,22.89229],[76.52055,22.86177],[76.5227,22.80445],[76.55989,22.78686],[76.55165,22.77306],[76.56857,22.77491],[76.56649,22.76085],[76.64226,22.80556],[76.65533,22.78503],[76.70297,22.79322],[76.69328,22.82141],[76.7693,22.81717],[76.7624,22.82486],[76.7895,22.83377],[76.80816,22.86292],[76.85002,22.86723],[76.84932,22.88066],[76.8623,22.86923],[76.86402,22.88643],[76.87934,22.87293],[76.87805,22.89235],[76.88915,22.8807],[76.89708,22.89019],[76.89255,22.87172],[76.90906,22.87863],[76.9029,22.86289],[76.91789,22.86974],[76.90594,22.83304],[76.9217,22.82811],[76.92905,22.87624],[76.96054,22.86313],[76.98412,22.87968],[76.99893,22.87217],[77.01049,22.79633],[77.02734,22.7753],[77.01964,22.73748],[77.03584,22.73242],[77.04183,22.70578],[77.02979,22.69029],[77.08833,22.65359],[77.08484,22.62573],[77.12235,22.59955],[77.12361,22.55948],[77.07054,22.51203],[76.90118,22.48667],[76.78963,22.42871],[76.78328,22.35026],[76.74398,22.29727],[76.72403,22.31332],[76.68085,22.30594],[76.65726,22.33468],[76.655,22.36532],[76.62499,22.37641],[76.60571,22.40809],[76.51055,22.41511],[76.44631,22.38551],[76.44845,22.34716],[76.32242,22.29853],[76.2533,22.29266],[76.20648,22.354],[76.22294,22.35699],[76.23834,22.39259],[76.21551,22.41821],[76.10545,22.47067],[76.08704,22.54737],[76.10674,22.55975],[76.06437,22.58432],[76.08969,22.58359],[76.08352,22.60273],[76.11483,22.58088],[76.11953,22.60386],[76.14458,22.59001],[76.14413,22.60908],[76.1676,22.6029],[76.15224,22.63177],[76.18917,22.63973],[76.17231,22.61789],[76.18885,22.59647],[76.20005,22.625],[76.23062,22.61707],[76.24558,22.64352],[76.22806,22.65235],[76.22629,22.67505],[76.18961,22.66235],[76.20346,22.67614],[76.1832,22.69379],[76.10351,22.70124],[76.03351,22.84333],[75.9848,22.87202],[75.96648,22.9446],[75.901,22.99596],[75.90367,23.02561],[75.96393,23.02557],[75.99193,23.07837],[75.959,23.10731],[75.95992,23.12629],[75.93366,23.13481],[75.95418,23.181],[75.95095,23.22607],[75.93124,23.22724],[75.92922,23.273],[75.94888,23.31979],[75.96215,23.32155],[75.99232,23.28029],[75.97065,23.24894],[76.00001,23.24693],[76.00403,23.20746],[76.03018,23.18039],[76.05681,23.10095],[76.05291,23.07827],[76.07711,23.0491],[76.1064,23.05657],[76.10822,23.08028],[76.048,23.14287],[76.05108,23.17931],[76.07171,23.16212],[76.13402,23.17906],[76.14003,23.19401],[76.12424,23.20985],[76.0804,23.19228],[76.04797,23.20778],[76.07579,23.20967],[76.07274,23.23721],[76.10935,23.24011],[76.11331,23.24125]]]}},{"type":"Feature","properties":{"DISTRICT":"Dhar","ST_NM":"Madhya Pradesh","ST_CEN_CD":23,"DT_CEN_CD":21,"censuscode":438},"geometry":{"type":"Polygon","coordinates":[[[75.43777,22.8695],[75.42327,22.82761],[75.43726,22.77335],[75.48115,22.76952],[75.47925,22.73389],[75.50901,22.731],[75.51546,22.70698],[75.52021,22.66432],[75.49585,22.64454],[75.52199,22.65759],[75.5365,22.63208],[75.58229,22.65899],[75.60441,22.63319],[75.69457,22.62712],[75.70335,22.64605],[75.6854,22.63702],[75.68387,22.65716],[75.70633,22.66151],[75.71331,22.63556],[75.67866,22.58071],[75.63208,22.5597],[75.59668,22.56728],[75.59838,22.52326],[75.55815,22.51375],[75.57188,22.45316],[75.54531,22.41039],[75.55907,22.37488],[75.53633,22.35754],[75.52542,22.37286],[75.50536,22.36915],[75.50876,22.34019],[75.49173,22.32773],[75.50823,22.32152],[75.53351,22.2648],[75.5356,22.22594],[75.51022,22.16137],[75.24472,22.12389],[75.18938,22.1031],[74.90463,22.08221],[74.82991,22.05996],[74.77823,22.07698],[74.67591,22.03372],[74.58726,22.02057],[74.55423,22.02554],[74.53519,22.04873],[74.50294,22.0444],[74.49283,22.06337],[74.51422,22.09985],[74.47804,22.09428],[74.47142,22.11044],[74.53912,22.11737],[74.49632,22.16728],[74.51305,22.21922],[74.54147,22.23673],[74.55899,22.21845],[74.5621,22.24232],[74.58936,22.24157],[74.60145,22.26823],[74.64702,22.27235],[74.66382,22.3039],[74.63304,22.3103],[74.62216,22.34262],[74.63231,22.36226],[74.69117,22.36493],[74.69124,22.41339],[74.72364,22.43718],[74.74665,22.43431],[74.70772,22.47726],[74.7265,22.50319],[74.71795,22.53061],[74.73087,22.55235],[74.78245,22.57889],[74.79627,22.65726],[74.76481,22.74727],[74.79299,22.75983],[74.89544,22.74771],[74.98618,22.86558],[75.00793,22.94056],[75.00918,23.1109],[75.10983,23.11358],[75.23229,23.08731],[75.24147,23.13593],[75.302,23.12901],[75.32719,23.07171],[75.34974,23.06911],[75.33851,23.04318],[75.30445,23.04241],[75.30302,22.99513],[75.3276,22.9819],[75.32593,22.95703],[75.30511,22.95326],[75.3339,22.87442],[75.33186,22.83882],[75.35634,22.83431],[75.37448,22.86825],[75.43252,22.86959],[75.43777,22.8695]]]}},{"type":"Feature","properties":{"DISTRICT":"Dindori","ST_NM":"Madhya Pradesh","ST_CEN_CD":23,"DT_CEN_CD":36,"censuscode":453},"geometry":{"type":"Polygon","coordinates":[[[80.70724,23.36476],[80.75996,23.34174],[80.71718,23.28046],[80.76272,23.21963],[80.78914,23.22261],[80.79339,23.24986],[80.80828,23.25278],[80.86256,23.22181],[80.94184,23.28887],[81.03363,23.20696],[81.06784,23.19436],[81.12122,23.21755],[81.16111,23.16517],[81.19245,23.16586],[81.18197,23.15318],[81.19493,23.12984],[81.21491,23.13807],[81.2138,23.1173],[81.24286,23.10889],[81.26364,23.06967],[81.25522,23.05294],[81.23155,23.05777],[81.20451,23.00062],[81.18872,22.95077],[81.20372,22.90933],[81.36076,22.849],[81.40631,22.85051],[81.47616,22.759],[81.50947,22.76384],[81.52989,22.75023],[81.59707,22.7575],[81.64598,22.78363],[81.69227,22.7786],[81.7039,22.74565],[81.69437,22.71303],[81.73921,22.68877],[81.71439,22.64933],[81.68595,22.64855],[81.65087,22.61409],[81.65602,22.56871],[81.63089,22.56402],[81.61628,22.5362],[81.57038,22.55071],[81.56424,22.53188],[81.52637,22.53966],[81.48713,22.49302],[81.44534,22.49361],[81.45531,22.4671],[81.4317,22.47892],[81.42619,22.45392],[81.4038,22.44102],[81.38599,22.5049],[81.33019,22.52385],[81.31121,22.48131],[81.28271,22.49894],[81.24761,22.4587],[81.21697,22.45335],[81.15545,22.55867],[81.08317,22.60953],[81.03204,22.61108],[81.0216,22.56303],[81.00006,22.54335],[80.94693,22.55487],[80.93783,22.58803],[80.96563,22.59025],[80.95832,22.60153],[80.99382,22.61453],[81.00642,22.63648],[80.95758,22.63832],[80.94331,22.67422],[80.92465,22.68113],[80.91758,22.71126],[80.94107,22.74437],[80.87057,22.7581],[80.87108,22.80505],[80.85448,22.80892],[80.8719,22.84861],[80.83477,22.84964],[80.79156,22.81814],[80.73177,22.81271],[80.72828,22.83491],[80.74304,22.84431],[80.7239,22.86082],[80.67153,22.83637],[80.57353,22.86866],[80.59762,22.93474],[80.58234,22.95908],[80.59101,22.98491],[80.56376,23.00981],[80.55878,23.04466],[80.53768,23.04632],[80.52694,23.10187],[80.58127,23.13758],[80.55227,23.16747],[80.5229,23.15674],[80.47998,23.19808],[80.50273,23.20312],[80.52363,23.25703],[80.58296,23.28452],[80.57407,23.35174],[80.70569,23.36832],[80.70724,23.36476]]]}},{"type":"Feature","properties":{"DISTRICT":"East Nimar","ST_NM":"Madhya Pradesh","ST_CEN_CD":23,"DT_CEN_CD":49,"censuscode":466},"geometry":{"type":"Polygon","coordinates":[[[76.78225,22.34741],[76.81823,22.33956],[76.8239,22.31812],[76.85325,22.33271],[76.89474,22.29938],[76.84446,22.2579],[76.85622,22.25282],[76.83858,22.19738],[76.84739,22.17679],[76.82812,22.1615],[76.83875,22.13172],[76.86881,22.13531],[76.84288,22.0591],[76.88402,21.9866],[76.90485,21.99087],[76.90562,22.01194],[76.9349,21.99114],[76.95047,22.00808],[76.97873,22.00675],[77.00031,21.98145],[77.02802,21.99195],[77.15427,21.98407],[77.22177,21.91446],[77.20191,21.8759],[77.21211,21.86745],[77.17828,21.87064],[77.16291,21.85655],[77.17047,21.80789],[77.19763,21.7886],[77.12433,21.77463],[77.10052,21.78614],[77.10731,21.77676],[77.07326,21.75922],[77.0743,21.72997],[77.05889,21.73336],[77.06221,21.70691],[77.03693,21.69802],[77.03157,21.72289],[77.0118,21.71889],[77.02076,21.6883],[76.90347,21.59838],[76.85441,21.61257],[76.83576,21.59062],[76.7975,21.59508],[76.78235,21.56005],[76.76456,21.55406],[76.74481,21.57611],[76.7097,21.55931],[76.61764,21.57347],[76.51231,21.56109],[76.43954,21.59449],[76.4234,21.58437],[76.41922,21.59756],[76.37649,21.59584],[76.35522,21.56583],[76.29496,21.57558],[76.29066,21.59358],[76.21373,21.56861],[76.17818,21.54077],[76.12855,21.59357],[76.07936,21.57208],[76.07428,21.66121],[76.10897,21.68867],[76.1628,21.67286],[76.17523,21.68616],[76.1553,21.73179],[76.11857,21.72041],[76.1032,21.73796],[76.12702,21.75295],[76.09676,21.76904],[76.11176,21.79278],[76.10385,21.84736],[76.17121,21.88536],[76.15229,21.9455],[76.16051,21.96677],[76.14674,21.97892],[76.16954,22.0016],[76.16201,22.03289],[76.2009,22.03865],[76.235,22.07483],[76.2287,22.09983],[76.18439,22.12177],[76.14353,22.09734],[76.16589,22.07726],[76.15424,22.05783],[76.1068,22.05391],[76.10467,22.09021],[76.14646,22.10974],[76.12727,22.16454],[76.15676,22.17686],[76.16464,22.20422],[76.10877,22.21153],[76.09933,22.18952],[76.07844,22.18633],[76.03277,22.19651],[76.02409,22.21403],[76.11716,22.25411],[76.16759,22.25957],[76.21357,22.32953],[76.2533,22.29266],[76.30256,22.29487],[76.44845,22.34716],[76.44631,22.38551],[76.50615,22.4147],[76.60571,22.40809],[76.62499,22.37641],[76.655,22.36532],[76.65726,22.33468],[76.68603,22.30212],[76.72403,22.31332],[76.74398,22.29727],[76.779,22.34024],[76.78225,22.34741]]]}},{"type":"Feature","properties":{"DISTRICT":"Guna","ST_NM":"Madhya Pradesh","ST_CEN_CD":23,"DT_CEN_CD":41,"censuscode":458},"geometry":{"type":"Polygon","coordinates":[[[77.30839,25.07887],[77.37277,24.92408],[77.4212,24.94522],[77.46163,24.92674],[77.48032,24.87422],[77.56293,24.87105],[77.52066,24.83115],[77.55466,24.73645],[77.48211,24.63216],[77.47581,24.58789],[77.49159,24.55767],[77.49787,24.46904],[77.47595,24.46449],[77.47645,24.43274],[77.59137,24.3741],[77.63445,24.42769],[77.65468,24.42039],[77.65572,24.40293],[77.6818,24.40058],[77.73584,24.42891],[77.72168,24.38805],[77.69405,24.39166],[77.62197,24.35051],[77.62014,24.33184],[77.64899,24.3151],[77.59852,24.29758],[77.59413,24.26905],[77.55363,24.24864],[77.50413,24.25368],[77.49201,24.2763],[77.45147,24.23997],[77.43413,24.24189],[77.3993,24.27915],[77.40909,24.32737],[77.35474,24.34331],[77.32292,24.28499],[77.35163,24.21655],[77.33214,24.21477],[77.34447,24.1829],[77.30296,24.16645],[77.31347,24.15091],[77.28876,24.12466],[77.29824,24.08844],[77.26003,24.0561],[77.29531,24.0432],[77.27961,24.0245],[77.31176,24.01185],[77.29446,23.99963],[77.31316,23.98418],[77.29554,23.97523],[77.30669,23.94805],[77.29673,23.93067],[77.32277,23.91127],[77.31981,23.88535],[77.18632,23.89807],[77.18244,23.93526],[77.16403,23.94866],[77.18855,24.00483],[77.18261,24.08246],[77.02907,24.08248],[77.00189,24.05713],[76.96865,24.05144],[76.94895,24.07944],[76.89081,24.10426],[76.88163,24.13053],[76.90403,24.1267],[76.92028,24.18428],[76.93735,24.18242],[76.94865,24.20183],[76.87839,24.26661],[76.84437,24.33421],[76.84118,24.35619],[76.85655,24.37033],[76.84014,24.41202],[76.85539,24.43082],[76.84218,24.44603],[76.85566,24.46453],[76.81893,24.52976],[76.87062,24.54473],[76.88398,24.52069],[76.91736,24.53893],[76.91908,24.48305],[76.9698,24.45625],[77.00609,24.47327],[77.03659,24.52413],[77.05497,24.52187],[77.06905,24.55944],[77.06508,24.63299],[77.03829,24.6982],[76.97674,24.72692],[76.96808,24.75479],[76.85189,24.74568],[76.80529,24.81982],[76.83632,24.83549],[76.8998,24.83474],[76.95381,24.86806],[76.91869,24.88307],[76.92841,24.90943],[76.89607,24.91486],[76.87213,24.96061],[76.87295,24.99653],[76.85923,25.00546],[76.87941,25.00826],[76.88699,25.02924],[76.95856,25.04357],[76.99888,25.07503],[77.08247,25.05306],[77.14551,25.09124],[77.16309,25.08331],[77.175,25.10874],[77.26779,25.11425],[77.3015,25.0821],[77.30839,25.07887]]]}},{"type":"Feature","properties":{"DISTRICT":"Gwalior","ST_NM":"Madhya Pradesh","ST_CEN_CD":23,"DT_CEN_CD":4,"censuscode":421},"geometry":{"type":"MultiPolygon","coordinates":[[[[78.34376,26.34411],[78.41868,26.33146],[78.4158,26.29667],[78.44417,26.2597],[78.47074,26.24851],[78.48243,26.26565],[78.49923,26.2616],[78.54664,26.1918],[78.58373,26.21464],[78.61051,26.19461],[78.61587,26.21866],[78.62576,26.16125],[78.65174,26.12481],[78.61232,26.12963],[78.60806,26.0991],[78.64154,26.08367],[78.64667,26.06204],[78.60824,26.04739],[78.54128,25.97473],[78.48519,25.96142],[78.47066,25.90824],[78.39138,25.85406],[78.39018,25.83542],[78.33189,25.83211],[78.32187,25.79404],[78.26414,25.77945],[78.21407,25.73858],[78.17736,25.73818],[78.1587,25.71878],[78.05353,25.7107],[77.99576,25.7404],[78.00021,25.76531],[77.87864,25.73834],[77.86288,25.80902],[77.80286,25.82029],[77.78266,25.85567],[77.74868,25.86078],[77.74545,25.88224],[77.70303,25.88048],[77.67693,25.91608],[77.67218,25.97946],[77.7297,26.04968],[77.76072,26.04037],[77.77596,26.05411],[77.76116,26.08604],[77.77205,26.11615],[77.74189,26.12847],[77.7441,26.16344],[77.81503,26.25532],[77.8439,26.25179],[77.83691,26.23022],[77.86341,26.21446],[77.91161,26.25319],[77.95052,26.24411],[77.95936,26.25971],[77.99364,26.24446],[77.98944,26.26792],[78.01079,26.27234],[78.00477,26.32395],[78.0649,26.31361],[78.07491,26.32976],[78.14537,26.34124],[78.22915,26.30481],[78.2593,26.31349],[78.25749,26.3323],[78.28497,26.34641],[78.33682,26.34629],[78.34376,26.34411]]],[[[78.74041,26.03776],[78.74343,26.01269],[78.78723,26.01197],[78.78487,25.96057],[78.81289,25.93849],[78.83845,25.94451],[78.86309,25.90715],[78.88426,25.91025],[78.89052,25.86488],[78.85444,25.85511],[78.85401,25.83339],[78.87355,25.82898],[78.86968,25.79385],[78.81902,25.82474],[78.8082,25.80751],[78.83002,25.80986],[78.82824,25.79405],[78.80728,25.794],[78.78345,25.75616],[78.75444,25.74374],[78.81894,25.66919],[78.81275,25.6193],[78.68444,25.58883],[78.65173,25.56016],[78.62869,25.57691],[78.66088,25.62971],[78.67633,25.60415],[78.69115,25.606],[78.67959,25.63588],[78.70918,25.67225],[78.71611,25.73334],[78.68082,25.75093],[78.68805,25.78271],[78.66148,25.79618],[78.68578,25.81932],[78.6746,25.83622],[78.65814,25.83799],[78.65155,25.82139],[78.62655,25.82797],[78.63119,25.87403],[78.6159,25.90905],[78.65842,25.91528],[78.65473,25.93953],[78.69169,25.91654],[78.71132,25.92283],[78.70462,25.95434],[78.72705,25.94455],[78.74159,25.9969],[78.71709,26.02295],[78.7332,26.03339],[78.74041,26.03776]]]]}},{"type":"Feature","properties":{"DISTRICT":"Harda","ST_NM":"Madhya Pradesh","ST_CEN_CD":23,"DT_CEN_CD":31,"censuscode":448},"geometry":{"type":"Polygon","coordinates":[[[77.20705,22.56867],[77.26572,22.54203],[77.24445,22.5259],[77.27748,22.50117],[77.28701,22.45263],[77.2755,22.44349],[77.30397,22.43709],[77.31053,22.35405],[77.3538,22.31439],[77.36261,22.21824],[77.41622,22.17484],[77.46655,22.16717],[77.45464,22.08538],[77.50283,22.0765],[77.49834,22.03347],[77.39703,22.02494],[77.39492,21.99662],[77.27584,21.96407],[77.24663,21.91251],[77.21901,21.90521],[77.20664,21.93405],[77.13679,21.9928],[77.00031,21.98145],[76.97873,22.00675],[76.95047,22.00808],[76.9349,21.99114],[76.90562,22.01194],[76.90485,21.99087],[76.88612,21.98489],[76.84288,22.0591],[76.86881,22.13531],[76.83875,22.13172],[76.82812,22.1615],[76.84739,22.17679],[76.83858,22.19738],[76.85622,22.25282],[76.84446,22.2579],[76.89474,22.29938],[76.85325,22.33271],[76.8239,22.31812],[76.81823,22.33956],[76.78225,22.34741],[76.78963,22.42871],[76.90118,22.48667],[77.07054,22.51203],[77.15244,22.58301],[77.20553,22.57176],[77.20705,22.56867]]]}},{"type":"Feature","properties":{"DISTRICT":"Hoshangabad","ST_NM":"Madhya Pradesh","ST_CEN_CD":23,"DT_CEN_CD":32,"censuscode":449},"geometry":{"type":"Polygon","coordinates":[[[78.67984,22.69938],[78.62761,22.6779],[78.61117,22.65032],[78.52701,22.66516],[78.50575,22.64988],[78.50094,22.59269],[78.54842,22.53207],[78.5145,22.47991],[78.55113,22.45714],[78.56219,22.42823],[78.48273,22.38437],[78.42523,22.3833],[78.38307,22.41852],[78.32108,22.42433],[78.26436,22.3972],[78.1751,22.39374],[77.98829,22.31737],[77.94026,22.3341],[77.87565,22.2798],[77.85711,22.28042],[77.85684,22.35578],[77.7853,22.32716],[77.74738,22.34507],[77.74281,22.3183],[77.68413,22.32309],[77.65037,22.30624],[77.58689,22.3426],[77.54981,22.33821],[77.54714,22.35636],[77.50339,22.31262],[77.50061,22.28009],[77.45375,22.2494],[77.43802,22.21804],[77.38549,22.22639],[77.3795,22.24817],[77.35499,22.2506],[77.35171,22.31978],[77.31053,22.35405],[77.30397,22.43709],[77.2755,22.44349],[77.28701,22.45263],[77.27748,22.50117],[77.24445,22.5259],[77.26572,22.54203],[77.20683,22.56527],[77.26183,22.60857],[77.29004,22.56633],[77.3243,22.56311],[77.36301,22.61028],[77.57177,22.66943],[77.61919,22.74201],[77.66496,22.73069],[77.69848,22.76338],[77.73429,22.75485],[77.77563,22.78709],[77.7939,22.83142],[77.845,22.86202],[77.86842,22.85537],[77.87029,22.81966],[77.92545,22.84548],[77.90835,22.80256],[77.92086,22.75962],[77.93994,22.76971],[77.93853,22.80009],[77.96581,22.81632],[78.03331,22.80194],[78.06898,22.81252],[78.11586,22.79162],[78.12904,22.83652],[78.19841,22.89136],[78.23897,22.86706],[78.28056,22.86849],[78.32176,22.9158],[78.35771,22.92213],[78.44233,22.98505],[78.47277,22.98256],[78.46861,22.95841],[78.57169,22.95558],[78.58813,22.91031],[78.58122,22.882],[78.59413,22.87921],[78.5749,22.86687],[78.60011,22.84743],[78.59009,22.8158],[78.62121,22.81774],[78.616,22.79752],[78.63766,22.79757],[78.63284,22.75995],[78.64974,22.78091],[78.69713,22.76382],[78.67728,22.72869],[78.69356,22.7077],[78.68182,22.70041],[78.67984,22.69938]]]}},{"type":"Feature","properties":{"DISTRICT":"Indore","ST_NM":"Madhya Pradesh","ST_CEN_CD":23,"DT_CEN_CD":22,"censuscode":439},"geometry":{"type":"Polygon","coordinates":[[[75.9005,23.0003],[75.96648,22.9446],[75.9848,22.87202],[76.03351,22.84333],[76.10351,22.70124],[76.1832,22.69379],[76.20346,22.67614],[76.18961,22.66235],[76.22629,22.67505],[76.2453,22.64247],[76.23062,22.61707],[76.20005,22.625],[76.18885,22.59647],[76.17231,22.61789],[76.18917,22.63973],[76.15224,22.63177],[76.1676,22.6029],[76.14413,22.60908],[76.14458,22.59001],[76.11953,22.60386],[76.11483,22.58088],[76.08352,22.60273],[76.08969,22.58359],[76.06536,22.58602],[76.10674,22.55975],[76.07936,22.52558],[76.03115,22.52875],[76.02842,22.49594],[76.05517,22.47779],[76.05866,22.45605],[76.03539,22.43703],[76.01399,22.44343],[76.01017,22.41987],[75.96945,22.43761],[75.91321,22.41807],[75.90919,22.38644],[75.85598,22.38063],[75.82764,22.40525],[75.7806,22.36999],[75.72095,22.36913],[75.65246,22.33268],[75.64005,22.35393],[75.60156,22.34135],[75.60893,22.36233],[75.56487,22.37173],[75.54568,22.39358],[75.57188,22.45316],[75.55665,22.51015],[75.59838,22.52326],[75.59668,22.56728],[75.63208,22.5597],[75.67866,22.58071],[75.71331,22.63556],[75.70633,22.66151],[75.68387,22.65716],[75.6854,22.63702],[75.70335,22.64605],[75.69457,22.62712],[75.60441,22.63319],[75.58229,22.65899],[75.5365,22.63208],[75.52199,22.65759],[75.49585,22.64454],[75.52021,22.66432],[75.50901,22.731],[75.47925,22.73389],[75.48115,22.76952],[75.43726,22.77335],[75.42327,22.82761],[75.44378,22.86176],[75.44033,22.90753],[75.47904,22.93029],[75.45573,22.9416],[75.48925,22.98389],[75.47606,23.00335],[75.49009,23.01494],[75.50777,23.00519],[75.52171,23.04079],[75.57041,23.06797],[75.56746,23.08607],[75.60866,23.09002],[75.62889,23.08379],[75.61945,23.05321],[75.64247,23.00596],[75.64019,23.02378],[75.73083,23.01649],[75.73766,23.03524],[75.81283,23.04095],[75.87381,23.03825],[75.89841,23.00626],[75.9005,23.0003]]]}},{"type":"Feature","properties":{"DISTRICT":"Jabalpur","ST_NM":"Madhya Pradesh","ST_CEN_CD":23,"DT_CEN_CD":34,"censuscode":451},"geometry":{"type":"Polygon","coordinates":[[[80.54429,23.39297],[80.55773,23.37741],[80.54051,23.35673],[80.57407,23.35174],[80.58418,23.28774],[80.52363,23.25703],[80.50273,23.20312],[80.47998,23.19808],[80.5229,23.15674],[80.55227,23.16747],[80.58127,23.13758],[80.52804,23.10562],[80.52776,23.07953],[80.51091,23.07985],[80.51127,23.10705],[80.46069,23.12707],[80.4589,23.14381],[80.42461,23.14261],[80.40851,23.17243],[80.30981,23.09659],[80.27444,23.12903],[80.27739,23.14642],[80.18803,23.12843],[80.18032,23.11554],[80.20487,23.07641],[80.18174,23.05934],[80.18733,23.02277],[80.16099,23.04959],[80.11356,23.0512],[80.10322,23.07757],[79.99564,23.0258],[80.00698,23.00593],[79.9928,22.99325],[80.01195,22.97326],[79.95262,22.94485],[79.97253,22.91976],[79.96401,22.85256],[79.90835,22.84547],[79.90014,22.86277],[79.84367,22.8299],[79.81167,22.868],[79.7628,22.84595],[79.77655,22.8785],[79.74486,22.89986],[79.74901,22.91736],[79.66217,22.92214],[79.62868,22.9451],[79.62398,22.96517],[79.63929,22.97751],[79.59177,23.0216],[79.61553,23.10239],[79.5816,23.11113],[79.57208,23.13091],[79.51126,23.13937],[79.45663,23.09451],[79.35143,23.1052],[79.37201,23.16416],[79.42553,23.19216],[79.49156,23.25705],[79.53973,23.261],[79.67294,23.33504],[79.73832,23.43229],[79.78679,23.45088],[79.82848,23.51223],[79.85067,23.50522],[79.93062,23.60446],[79.95573,23.59333],[79.98641,23.60678],[79.97422,23.56819],[80.04736,23.56561],[80.08663,23.58622],[80.136,23.58849],[80.17844,23.56671],[80.20664,23.58288],[80.23488,23.56378],[80.24033,23.54029],[80.19975,23.52377],[80.20179,23.48509],[80.24344,23.49304],[80.27586,23.47834],[80.26762,23.45119],[80.31313,23.40948],[80.30958,23.33996],[80.35796,23.30661],[80.39165,23.33765],[80.4544,23.34547],[80.49635,23.3844],[80.54358,23.39272],[80.54429,23.39297]]]}},{"type":"Feature","properties":{"DISTRICT":"Jhabua","ST_NM":"Madhya Pradesh","ST_CEN_CD":23,"DT_CEN_CD":47,"censuscode":464},"geometry":{"type":"MultiPolygon","coordinates":[[[[74.79163,23.23304],[74.7673,23.1764],[74.80288,23.16341],[74.78041,23.14722],[74.80996,23.13309],[74.88536,23.1347],[74.92595,23.15917],[74.99028,23.13919],[74.99169,23.10923],[75.00918,23.1109],[75.00793,22.94056],[74.98618,22.86558],[74.89544,22.74771],[74.79299,22.75983],[74.76678,22.75007],[74.79627,22.65726],[74.77737,22.57258],[74.74286,22.55802],[74.72726,22.58156],[74.66498,22.60111],[74.65092,22.57232],[74.60099,22.54276],[74.51405,22.57782],[74.47447,22.55302],[74.47067,22.52863],[74.447,22.53944],[74.4303,22.59094],[74.38873,22.61276],[74.3779,22.6364],[74.40043,22.7285],[74.43675,22.78327],[74.43674,22.80717],[74.46256,22.81277],[74.47663,22.85631],[74.44919,22.92167],[74.39792,22.89711],[74.35951,22.93086],[74.3391,22.96247],[74.36836,22.97779],[74.32032,23.06046],[74.38898,23.10968],[74.46521,23.08286],[74.51037,23.08638],[74.54084,23.10441],[74.54393,23.12957],[74.60646,23.14224],[74.66779,23.19884],[74.71426,23.19197],[74.74454,23.20937],[74.74678,23.23517],[74.79286,23.23496],[74.79163,23.23304]]],[[[74.17932,22.39059],[74.15897,22.41304],[74.17261,22.41867],[74.17774,22.3934],[74.17932,22.39059]]]]}},{"type":"Feature","properties":{"DISTRICT":"Katni","ST_NM":"Madhya Pradesh","ST_CEN_CD":23,"DT_CEN_CD":33,"censuscode":450},"geometry":{"type":"Polygon","coordinates":[[[80.95823,24.06643],[80.9055,24.03856],[80.87688,23.96884],[80.83559,23.95323],[80.84265,23.90746],[80.87588,23.90361],[80.8624,23.87823],[80.89456,23.8607],[80.91328,23.78656],[80.89195,23.76585],[80.90225,23.67922],[80.82158,23.66932],[80.73051,23.72906],[80.71036,23.76081],[80.66994,23.66917],[80.64349,23.64865],[80.64982,23.63387],[80.62125,23.61226],[80.62256,23.59247],[80.56229,23.56559],[80.5511,23.54327],[80.54585,23.49281],[80.56527,23.46761],[80.5607,23.44057],[80.53092,23.41601],[80.54429,23.39297],[80.49635,23.3844],[80.4544,23.34547],[80.39165,23.33765],[80.36872,23.30658],[80.30958,23.33996],[80.31313,23.40948],[80.26762,23.45119],[80.27586,23.47834],[80.24344,23.49304],[80.20179,23.48509],[80.19975,23.52377],[80.24033,23.54029],[80.23488,23.56378],[80.20664,23.58288],[80.17844,23.56671],[80.136,23.58849],[80.08663,23.58622],[80.04736,23.56561],[79.97422,23.56819],[79.98641,23.60678],[79.95573,23.59333],[79.93062,23.60446],[79.95407,23.62011],[79.9525,23.6645],[79.8281,23.69714],[79.83838,23.71716],[79.81975,23.73853],[79.85944,23.79369],[79.86622,23.82881],[79.94181,23.82905],[79.97114,23.86238],[80.01614,23.97721],[80.0536,23.99291],[80.08404,23.97664],[80.10166,23.9836],[80.11934,23.95345],[80.15016,23.9406],[80.17524,24.00047],[80.20642,23.99542],[80.23584,23.97528],[80.2103,23.97578],[80.22805,23.95042],[80.32634,23.91139],[80.32255,23.93082],[80.36281,23.97041],[80.38796,23.96491],[80.5197,24.01691],[80.53312,24.03004],[80.51666,24.04909],[80.53531,24.06857],[80.55491,24.05478],[80.54894,24.03306],[80.63098,24.07825],[80.65138,24.04903],[80.64163,24.0883],[80.68209,24.07747],[80.67795,24.10932],[80.73092,24.13405],[80.7457,24.11666],[80.7043,24.09551],[80.71018,24.07367],[80.80266,24.06456],[80.80528,24.04042],[80.75834,24.02926],[80.76119,23.98991],[80.78763,23.97012],[80.79958,23.97144],[80.80939,24.01638],[80.8404,24.02611],[80.8707,24.08056],[80.95333,24.06891],[80.95823,24.06643]]]}},{"type":"Feature","properties":{"DISTRICT":"Mandla","ST_NM":"Madhya Pradesh","ST_CEN_CD":23,"DT_CEN_CD":37,"censuscode":454},"geometry":{"type":"Polygon","coordinates":[[[80.52776,23.07953],[80.53768,23.04632],[80.55878,23.04466],[80.56376,23.00981],[80.59101,22.98491],[80.58234,22.95908],[80.59762,22.93474],[80.57353,22.86866],[80.67153,22.83637],[80.7239,22.86082],[80.74304,22.84431],[80.72828,22.83491],[80.73177,22.81271],[80.79156,22.81814],[80.83477,22.84964],[80.8719,22.84861],[80.85448,22.80892],[80.87108,22.80505],[80.87057,22.7581],[80.94107,22.74437],[80.91758,22.71126],[80.92465,22.68113],[80.94331,22.67422],[80.95758,22.63832],[81.00642,22.63648],[80.99382,22.61453],[80.95832,22.60153],[80.96563,22.59025],[80.93783,22.58803],[80.94693,22.55487],[81.00006,22.54335],[81.03851,22.61144],[81.12304,22.59129],[81.1591,22.55426],[81.19606,22.49264],[81.11208,22.43223],[81.12216,22.30287],[81.09181,22.24643],[81.04756,22.24022],[80.99117,22.29012],[80.91617,22.27822],[80.90508,22.30229],[80.9291,22.3305],[80.88231,22.33263],[80.89259,22.34916],[80.86415,22.37716],[80.81149,22.39781],[80.79567,22.39331],[80.78753,22.31276],[80.70574,22.27253],[80.7044,22.25057],[80.72874,22.22091],[80.70619,22.20391],[80.53602,22.2406],[80.50684,22.27468],[80.46485,22.27912],[80.44727,22.24751],[80.41827,22.24553],[80.4193,22.28051],[80.39724,22.30543],[80.34149,22.29848],[80.3448,22.32847],[80.3255,22.34469],[80.23616,22.30068],[80.16926,22.32724],[80.15632,22.34887],[80.08258,22.34779],[80.07082,22.37643],[80.09345,22.42367],[80.0261,22.50351],[80.03203,22.5425],[79.95398,22.55684],[80.00858,22.57824],[80.0362,22.60695],[80.11302,22.6271],[80.15273,22.60197],[80.19897,22.60638],[80.21625,22.62873],[80.19566,22.65178],[80.23657,22.67595],[80.24031,22.71651],[80.29101,22.72563],[80.2689,22.79432],[80.21574,22.80126],[80.18516,22.76619],[80.10311,22.77096],[80.07204,22.75745],[80.02107,22.79394],[80.0048,22.82581],[79.9817,22.83118],[79.96401,22.85256],[79.97253,22.91976],[79.95262,22.94485],[80.01195,22.97326],[79.9928,22.99325],[80.00698,23.00593],[79.99564,23.0258],[80.10322,23.07757],[80.11356,23.0512],[80.16099,23.04959],[80.18733,23.02277],[80.18174,23.05934],[80.20487,23.07641],[80.18032,23.11554],[80.18803,23.12843],[80.27739,23.14642],[80.27444,23.12903],[80.30981,23.09659],[80.38859,23.14494],[80.4004,23.17218],[80.42713,23.14084],[80.4589,23.14381],[80.46069,23.12707],[80.51127,23.10705],[80.51091,23.07985],[80.52776,23.07953]]]}},{"type":"Feature","properties":{"DISTRICT":"Mandsaur","ST_NM":"Madhya Pradesh","ST_CEN_CD":23,"DT_CEN_CD":16,"censuscode":433},"geometry":{"type":"Polygon","coordinates":[[[75.78909,24.76137],[75.84172,24.72569],[75.83003,24.66734],[75.85171,24.64889],[75.83095,24.60921],[75.83824,24.59342],[75.8554,24.61016],[75.87697,24.60294],[75.88723,24.57757],[75.91804,24.5704],[75.90991,24.54629],[75.9279,24.53411],[75.9122,24.51071],[75.89538,24.51737],[75.91524,24.48142],[75.90136,24.43746],[75.83159,24.41844],[75.81222,24.43716],[75.81772,24.46103],[75.79371,24.47113],[75.78613,24.44777],[75.75119,24.42439],[75.75772,24.40529],[75.72928,24.40128],[75.74026,24.34399],[75.76743,24.30668],[75.81363,24.29943],[75.81505,24.25287],[75.82927,24.2424],[75.77578,24.21692],[75.7456,24.13568],[75.77847,24.13502],[75.79177,24.10587],[75.8046,24.11437],[75.8144,24.09893],[75.83805,24.10739],[75.83596,24.07148],[75.78172,24.05817],[75.76402,23.99408],[75.70225,23.96524],[75.67106,24.02972],[75.63647,23.99604],[75.58546,23.98818],[75.56856,24.01897],[75.51593,24.04501],[75.46615,23.97708],[75.45684,23.91344],[75.37257,23.86971],[75.34424,23.80551],[75.32406,23.80466],[75.33458,23.83644],[75.29965,23.85211],[75.25644,23.82118],[75.23437,23.8618],[75.19254,23.82647],[75.13372,23.82797],[75.11924,23.84775],[75.09206,23.8145],[75.05061,23.82343],[75.05469,23.79685],[75.03689,23.78217],[75.00852,23.81298],[74.9399,23.76274],[74.92761,23.79523],[74.91029,23.79775],[74.90571,23.87081],[74.92147,23.93258],[74.96899,23.97653],[74.99341,24.02647],[74.95997,24.10687],[74.9366,24.12057],[74.8806,24.21332],[74.9626,24.29917],[74.95983,24.35188],[74.9831,24.37171],[74.99331,24.35749],[75.02347,24.39173],[75.05496,24.37072],[75.04158,24.342],[75.11438,24.37972],[75.13264,24.36749],[75.12266,24.35492],[75.21426,24.32831],[75.31115,24.33517],[75.33274,24.35563],[75.36308,24.33693],[75.42422,24.34807],[75.43039,24.37561],[75.48645,24.42075],[75.52963,24.48401],[75.58133,24.51194],[75.59234,24.53741],[75.58991,24.61712],[75.57462,24.63105],[75.58125,24.64911],[75.61197,24.64999],[75.55097,24.71161],[75.58441,24.71872],[75.61194,24.68599],[75.63657,24.68713],[75.73358,24.75144],[75.78355,24.75901],[75.78909,24.76137]]]}},{"type":"Feature","properties":{"DISTRICT":"Morena","ST_NM":"Madhya Pradesh","ST_CEN_CD":23,"DT_CEN_CD":2,"censuscode":419},"geometry":{"type":"Polygon","coordinates":[[[77.42551,26.1354],[77.38521,26.15511],[77.31453,26.14077],[77.27342,26.12331],[77.23361,26.0799],[77.20611,26.10602],[77.18167,26.17489],[77.14555,26.16427],[77.14779,26.19202],[77.11599,26.21973],[77.1716,26.23913],[77.2098,26.23201],[77.27387,26.27074],[77.31508,26.30955],[77.32503,26.34092],[77.36729,26.36404],[77.43954,26.3595],[77.43487,26.4014],[77.53013,26.40936],[77.6752,26.5027],[77.72152,26.49863],[77.75196,26.53961],[77.82069,26.54914],[77.82818,26.59416],[77.88723,26.61459],[77.90248,26.65649],[77.95584,26.65932],[78.00024,26.6969],[78.09382,26.6773],[78.0973,26.73233],[78.12426,26.74885],[78.1036,26.78365],[78.12117,26.79677],[78.18805,26.78777],[78.1759,26.82614],[78.23137,26.83139],[78.26928,26.81515],[78.29054,26.85827],[78.35989,26.86854],[78.39822,26.81907],[78.43441,26.82649],[78.45928,26.79223],[78.54359,26.76585],[78.53781,26.73361],[78.5146,26.72095],[78.52949,26.67569],[78.51161,26.68634],[78.4958,26.67024],[78.46272,26.67142],[78.46974,26.64861],[78.43686,26.63769],[78.41914,26.58934],[78.38124,26.60356],[78.38669,26.58625],[78.3712,26.58853],[78.33855,26.54486],[78.31189,26.5509],[78.30091,26.59103],[78.27156,26.56574],[78.26837,26.5352],[78.24422,26.54484],[78.23125,26.5317],[78.24254,26.52632],[78.21545,26.52876],[78.24454,26.46529],[78.26623,26.46044],[78.25627,26.44303],[78.28648,26.44202],[78.29501,26.41457],[78.26213,26.35914],[78.2593,26.31349],[78.2081,26.30488],[78.14537,26.34124],[78.07491,26.32976],[78.0649,26.31361],[78.00477,26.32395],[78.01079,26.27234],[77.98944,26.26792],[77.99364,26.24446],[77.95936,26.25971],[77.95052,26.24411],[77.91161,26.25319],[77.86341,26.21446],[77.83691,26.23022],[77.8439,26.25179],[77.81503,26.25532],[77.7441,26.16344],[77.74189,26.12847],[77.77205,26.11615],[77.76116,26.08604],[77.77596,26.05411],[77.76072,26.04037],[77.7297,26.04968],[77.67218,25.97946],[77.67693,25.91608],[77.54875,25.90307],[77.5379,25.94048],[77.56541,25.93188],[77.59991,25.95985],[77.64747,25.96418],[77.64853,26.0087],[77.62229,26.01222],[77.61455,26.03004],[77.63546,26.06594],[77.66828,26.06959],[77.66285,26.09935],[77.60459,26.07089],[77.61262,26.04104],[77.58003,26.01269],[77.5208,26.04653],[77.42566,26.13444],[77.42551,26.1354]]]}},{"type":"Feature","properties":{"DISTRICT":"Narsimhapur","ST_NM":"Madhya Pradesh","ST_CEN_CD":23,"DT_CEN_CD":35,"censuscode":452},"geometry":{"type":"Polygon","coordinates":[[[79.18958,23.22003],[79.19676,23.23905],[79.22687,23.22436],[79.2316,23.25019],[79.26543,23.24009],[79.27035,23.21332],[79.30647,23.23197],[79.33008,23.14738],[79.37201,23.16416],[79.35143,23.1052],[79.45663,23.09451],[79.51936,23.14145],[79.57208,23.13091],[79.5816,23.11113],[79.61553,23.10239],[79.59177,23.0216],[79.64009,22.97216],[79.58397,22.94182],[79.62221,22.90232],[79.62299,22.86919],[79.54453,22.81757],[79.5167,22.77542],[79.51386,22.71991],[79.47267,22.72366],[79.4698,22.7407],[79.41311,22.72203],[79.39241,22.67107],[79.32562,22.61559],[79.29891,22.61805],[79.30539,22.64546],[79.28457,22.65402],[79.29634,22.681],[79.26577,22.68563],[79.24432,22.7181],[79.26195,22.73947],[79.2295,22.81501],[79.17813,22.78599],[79.13748,22.78812],[79.08796,22.74342],[79.04466,22.75883],[79.01707,22.73945],[79.02711,22.70822],[79.00611,22.69042],[79.01888,22.64851],[78.99684,22.61902],[78.94463,22.62691],[78.91091,22.67302],[78.84865,22.68426],[78.81869,22.65551],[78.77987,22.64793],[78.78172,22.62737],[78.74149,22.62383],[78.68335,22.66319],[78.67984,22.69938],[78.69356,22.7077],[78.67668,22.7259],[78.69412,22.77012],[78.66008,22.76701],[78.64974,22.78091],[78.636,22.75846],[78.63766,22.79757],[78.616,22.79752],[78.62121,22.81774],[78.59009,22.8158],[78.60011,22.84743],[78.5749,22.86687],[78.59413,22.87921],[78.58122,22.882],[78.58813,22.91031],[78.57169,22.95558],[78.46861,22.95841],[78.47277,22.98256],[78.44233,22.98505],[78.46924,23.00569],[78.59088,23.01139],[78.62311,23.03063],[78.72629,23.04449],[78.75577,23.07958],[78.79636,23.09205],[78.80742,23.23594],[78.82286,23.2513],[78.84822,23.22486],[78.89408,23.21272],[78.9342,23.23251],[78.94228,23.21059],[78.98113,23.19785],[78.99458,23.21251],[79.05591,23.19208],[79.10749,23.20549],[79.11472,23.16946],[79.18246,23.19305],[79.19007,23.21985],[79.18958,23.22003]]]}},{"type":"Feature","properties":{"DISTRICT":"Neemuch","ST_NM":"Madhya Pradesh","ST_CEN_CD":23,"DT_CEN_CD":15,"censuscode":432},"geometry":{"type":"Polygon","coordinates":[[[75.1966,25.03405],[75.35673,25.03355],[75.32134,25.00273],[75.33984,24.95931],[75.3161,24.89668],[75.27816,24.973],[75.26854,24.9582],[75.29528,24.91944],[75.26919,24.9105],[75.26357,24.88596],[75.31348,24.86571],[75.3282,24.88324],[75.37427,24.87416],[75.42665,24.88888],[75.41947,24.86005],[75.30784,24.8096],[75.28105,24.84978],[75.22939,24.85549],[75.25205,24.892],[75.22546,24.88637],[75.21022,24.90636],[75.20332,24.88056],[75.25356,24.82854],[75.20832,24.8063],[75.18864,24.75672],[75.21874,24.71878],[75.2259,24.73183],[75.26916,24.72904],[75.45413,24.68937],[75.55097,24.71161],[75.61197,24.64999],[75.58125,24.64911],[75.57462,24.63105],[75.58991,24.61712],[75.59484,24.55839],[75.58372,24.51551],[75.52155,24.47604],[75.41527,24.3454],[75.36308,24.33693],[75.33274,24.35563],[75.31115,24.33517],[75.21426,24.32831],[75.12266,24.35492],[75.13264,24.36749],[75.11438,24.37972],[75.04158,24.342],[75.05496,24.37072],[75.02347,24.39173],[74.99331,24.35749],[74.9831,24.37171],[74.95983,24.35188],[74.9626,24.29917],[74.90457,24.2427],[74.87021,24.27755],[74.85377,24.26684],[74.75503,24.27595],[74.78399,24.31373],[74.78742,24.36857],[74.85889,24.45237],[74.85482,24.46703],[74.81889,24.45882],[74.81517,24.48908],[74.77957,24.48029],[74.71242,24.50794],[74.75736,24.55155],[74.74865,24.59374],[74.7909,24.60764],[74.78425,24.63365],[74.81802,24.66852],[74.81428,24.683],[74.77615,24.68462],[74.7906,24.72351],[74.78099,24.73963],[74.80417,24.7517],[74.80039,24.7925],[74.85088,24.69545],[74.89389,24.65211],[74.94403,24.65708],[74.96344,24.6975],[75.00124,24.70511],[74.99483,24.74935],[75.02169,24.74935],[75.00856,24.79266],[74.91824,24.78389],[74.8598,24.80984],[74.85005,24.78945],[74.83869,24.80527],[74.86026,24.82578],[74.82541,24.91162],[74.83409,24.96424],[74.85463,24.97149],[74.8686,24.93369],[74.88615,24.94649],[74.902,24.93645],[74.91395,24.89579],[74.95023,24.89146],[74.94628,24.87457],[75.04504,24.85578],[75.05804,24.87847],[75.12071,24.8855],[75.12103,24.97119],[75.16295,24.98401],[75.16127,25.04186],[75.18749,25.03889],[75.1966,25.03405]]]}},{"type":"Feature","properties":{"DISTRICT":"Panna","ST_NM":"Madhya Pradesh","ST_CEN_CD":23,"DT_CEN_CD":9,"censuscode":426},"geometry":{"type":"MultiPolygon","coordinates":[[[[80.44879,25.07792],[80.47824,25.04059],[80.50174,25.03752],[80.45435,25.04119],[80.43289,25.0223],[80.46625,25.0001],[80.46032,24.98261],[80.48132,24.97628],[80.49427,24.93455],[80.48347,24.85351],[80.49077,24.88701],[80.52357,24.91632],[80.63515,24.87295],[80.59852,24.84257],[80.60785,24.83393],[80.53981,24.80851],[80.47574,24.75644],[80.44057,24.74681],[80.41243,24.77419],[80.39539,24.74397],[80.40612,24.71111],[80.36839,24.69067],[80.42309,24.63394],[80.42189,24.60969],[80.47233,24.61099],[80.44662,24.52904],[80.467,24.52063],[80.4399,24.50529],[80.42492,24.44178],[80.46216,24.4358],[80.4721,24.37639],[80.50316,24.37328],[80.51715,24.34283],[80.57884,24.29958],[80.56578,24.26713],[80.5904,24.25275],[80.57363,24.24463],[80.62546,24.19828],[80.62221,24.18405],[80.63215,24.1981],[80.67717,24.19292],[80.651,24.17484],[80.63435,24.18349],[80.62628,24.16018],[80.61125,24.1684],[80.60017,24.13876],[80.51142,24.07726],[80.48371,24.069],[80.44616,24.09166],[80.44386,24.03519],[80.38762,24.04145],[80.39072,24.00037],[80.35736,23.97651],[80.34944,23.94344],[80.32255,23.93082],[80.32973,23.91187],[80.22805,23.95042],[80.2103,23.97578],[80.23584,23.97528],[80.20642,23.99542],[80.17524,24.00047],[80.15016,23.9406],[80.11934,23.95345],[80.10166,23.9836],[80.08404,23.97664],[80.0536,23.99291],[80.01614,23.97721],[79.97114,23.86238],[79.94181,23.82905],[79.86622,23.82881],[79.85668,23.85114],[79.87059,23.90227],[79.83883,23.93313],[79.85782,23.98615],[79.83817,24.00414],[79.84538,24.02176],[79.76174,24.03282],[79.738,24.06125],[79.76393,24.07491],[79.76458,24.10046],[79.81251,24.15889],[79.81572,24.1998],[79.84247,24.21613],[79.84645,24.24386],[79.80955,24.26529],[79.81385,24.28356],[79.85874,24.29858],[79.83604,24.31955],[79.80453,24.31684],[79.8221,24.34627],[79.79736,24.37289],[79.82604,24.38352],[79.85545,24.34945],[79.88352,24.37434],[79.86814,24.45785],[79.88308,24.47655],[79.86777,24.50709],[79.88436,24.52019],[79.87684,24.57061],[79.90288,24.57312],[79.88961,24.59119],[79.85962,24.58281],[79.8466,24.61248],[79.89729,24.69304],[79.9279,24.68748],[79.95978,24.65664],[79.99773,24.72318],[80.08613,24.80923],[80.0908,24.84016],[80.03528,24.90905],[80.05437,24.93806],[80.15002,24.93632],[80.16215,24.96204],[80.2749,25.02604],[80.32259,24.99927],[80.36685,25.02193],[80.39019,25.00561],[80.37379,25.05358],[80.44316,25.07683],[80.44879,25.07792]]],[[[80.35401,25.06136],[80.3114,25.0431],[80.28956,25.05582],[80.35924,25.12535],[80.37688,25.11114],[80.35005,25.08926],[80.34814,25.0639],[80.35401,25.06136]]],[[[80.48756,25.05625],[80.48539,25.07386],[80.48993,25.05951],[80.48756,25.05625]]]]}},{"type":"Feature","properties":{"DISTRICT":"Raisen","ST_NM":"Madhya Pradesh","ST_CEN_CD":23,"DT_CEN_CD":29,"censuscode":446},"geometry":{"type":"Polygon","coordinates":[[[78.80742,23.23594],[78.81491,23.2167],[78.79002,23.11851],[78.8003,23.09804],[78.75577,23.07958],[78.72966,23.04643],[78.64661,23.0239],[78.62311,23.03063],[78.59088,23.01139],[78.46362,23.00423],[78.35771,22.92213],[78.32176,22.9158],[78.28056,22.86849],[78.23897,22.86706],[78.19841,22.89136],[78.13228,22.84025],[78.10954,22.79],[78.06898,22.81252],[78.02912,22.80277],[78.03022,22.84207],[78.00927,22.85743],[78.034,22.90774],[78.00573,22.93009],[77.94883,22.90211],[77.96498,22.96115],[77.84386,22.93952],[77.77794,22.8971],[77.75394,22.90238],[77.68437,22.87531],[77.67256,22.85483],[77.69219,22.83413],[77.62909,22.83072],[77.56127,22.87486],[77.53565,22.85042],[77.52522,22.89301],[77.49426,22.88447],[77.46618,22.90795],[77.43612,22.90608],[77.4309,22.95769],[77.40269,22.96148],[77.36512,23.00128],[77.3745,23.08412],[77.49757,23.10283],[77.5434,23.12786],[77.5679,23.14459],[77.56648,23.17991],[77.58585,23.18626],[77.60039,23.22915],[77.58461,23.28483],[77.62974,23.34838],[77.58325,23.35333],[77.5585,23.37827],[77.55894,23.4238],[77.52723,23.42711],[77.51413,23.41313],[77.49228,23.42717],[77.51693,23.51407],[77.56582,23.50281],[77.62561,23.46382],[77.65194,23.48111],[77.62907,23.54645],[77.67266,23.51793],[77.73488,23.53454],[77.81546,23.45873],[77.87441,23.44124],[77.91532,23.45227],[77.96076,23.41221],[77.96076,23.37241],[78.02222,23.345],[78.05709,23.38411],[78.0483,23.40134],[77.99414,23.41488],[78.00085,23.46617],[78.02523,23.47211],[78.08592,23.4503],[78.14854,23.47475],[78.13478,23.48349],[78.1341,23.51641],[78.19488,23.54066],[78.22159,23.52875],[78.22616,23.55968],[78.27695,23.61061],[78.30038,23.67787],[78.29025,23.6986],[78.3273,23.68977],[78.34139,23.65801],[78.41025,23.63829],[78.39821,23.676],[78.42917,23.67689],[78.41006,23.68889],[78.42982,23.71553],[78.41282,23.73093],[78.35994,23.67279],[78.34612,23.67954],[78.3686,23.72568],[78.40871,23.74381],[78.43344,23.74448],[78.46892,23.64315],[78.48554,23.63792],[78.51358,23.6573],[78.50376,23.53193],[78.5373,23.56146],[78.63943,23.54765],[78.64668,23.56096],[78.73828,23.57617],[78.73531,23.53116],[78.71944,23.53314],[78.6788,23.49387],[78.66192,23.44925],[78.63003,23.45047],[78.60004,23.42303],[78.62265,23.41837],[78.64178,23.34638],[78.66397,23.33315],[78.7187,23.35129],[78.77025,23.2947],[78.75713,23.24828],[78.80372,23.23637],[78.80742,23.23594]]]}},{"type":"Feature","properties":{"DISTRICT":"Rajgarh","ST_NM":"Madhya Pradesh","ST_CEN_CD":23,"DT_CEN_CD":25,"censuscode":442},"geometry":{"type":"Polygon","coordinates":[[[76.88163,24.13053],[76.89081,24.10426],[76.94895,24.07944],[76.96865,24.05144],[77.00189,24.05713],[77.02907,24.08248],[77.18261,24.08246],[77.18855,24.00483],[77.16461,23.94551],[77.18244,23.93526],[77.18632,23.89807],[77.22756,23.89585],[77.2139,23.78962],[77.13987,23.64639],[77.15619,23.61085],[77.15017,23.57401],[77.05186,23.48062],[76.97493,23.50516],[76.93883,23.4719],[76.91087,23.49537],[76.9202,23.51549],[76.89584,23.52247],[76.87968,23.49644],[76.82,23.48454],[76.80064,23.45607],[76.76267,23.49674],[76.69548,23.4869],[76.6599,23.49927],[76.66044,23.53572],[76.60316,23.56118],[76.58337,23.54816],[76.53077,23.5725],[76.50836,23.56551],[76.51544,23.53177],[76.49257,23.53631],[76.50743,23.51326],[76.48712,23.51175],[76.43847,23.54604],[76.44005,23.60319],[76.46448,23.59436],[76.40359,23.67438],[76.41262,23.71913],[76.3977,23.76198],[76.37846,23.76883],[76.38442,23.80883],[76.3618,23.81519],[76.35813,23.84944],[76.33162,23.86351],[76.3278,23.88573],[76.2998,23.89729],[76.31558,23.92654],[76.30299,23.96207],[76.25566,23.98111],[76.27912,24.00282],[76.2709,24.04847],[76.21571,24.05521],[76.20414,24.09963],[76.23892,24.09559],[76.2283,24.11629],[76.24822,24.14811],[76.22724,24.15289],[76.21863,24.21259],[76.25079,24.22367],[76.28594,24.21146],[76.29285,24.23276],[76.33018,24.24932],[76.41782,24.20311],[76.42702,24.22263],[76.4567,24.21249],[76.47344,24.22706],[76.53495,24.15914],[76.58335,24.17633],[76.56938,24.19644],[76.60108,24.22553],[76.59173,24.24517],[76.61769,24.23778],[76.62011,24.25843],[76.67215,24.26295],[76.69688,24.28059],[76.70638,24.24438],[76.67799,24.18904],[76.69899,24.17161],[76.72455,24.15733],[76.7589,24.1677],[76.80504,24.11596],[76.88062,24.13397],[76.88163,24.13053]]]}},{"type":"Feature","properties":{"DISTRICT":"Ratlam","ST_NM":"Madhya Pradesh","ST_CEN_CD":23,"DT_CEN_CD":17,"censuscode":434},"geometry":{"type":"Polygon","coordinates":[[[75.68605,23.75685],[75.6874,23.71476],[75.64457,23.7101],[75.62181,23.66164],[75.52016,23.6643],[75.50395,23.61937],[75.51455,23.58859],[75.49603,23.55853],[75.52366,23.53991],[75.50484,23.52716],[75.44604,23.54946],[75.39802,23.60191],[75.33294,23.59324],[75.33581,23.62844],[75.28161,23.59069],[75.27387,23.54204],[75.24412,23.53441],[75.23611,23.51491],[75.20216,23.53376],[75.18613,23.52328],[75.17322,23.45561],[75.13423,23.40525],[75.16717,23.39724],[75.20583,23.34987],[75.201,23.32669],[75.25871,23.31375],[75.26379,23.29902],[75.32671,23.2927],[75.32095,23.27678],[75.26278,23.26861],[75.28262,23.21949],[75.24534,23.22777],[75.22578,23.21131],[75.23507,23.08763],[75.10983,23.11358],[74.99169,23.10923],[74.99028,23.13919],[74.92595,23.15917],[74.88536,23.1347],[74.80275,23.13479],[74.77985,23.15185],[74.80189,23.16688],[74.7673,23.1764],[74.78565,23.19595],[74.79126,23.23802],[74.69833,23.21765],[74.72096,23.23979],[74.69994,23.26943],[74.6449,23.25707],[74.57042,23.29831],[74.55191,23.27997],[74.5321,23.32049],[74.51765,23.31942],[74.56933,23.37516],[74.57268,23.41992],[74.59718,23.42712],[74.61218,23.45869],[74.65364,23.46171],[74.69974,23.5009],[74.73283,23.49771],[74.78435,23.54514],[74.80227,23.53115],[74.84491,23.55123],[74.90575,23.61992],[74.93954,23.6273],[74.90741,23.67977],[74.94051,23.73177],[74.93184,23.75501],[75.00852,23.81298],[75.03689,23.78217],[75.05469,23.79685],[75.05061,23.82343],[75.09206,23.8145],[75.11924,23.84775],[75.13372,23.82797],[75.19254,23.82647],[75.23437,23.8618],[75.25839,23.8204],[75.29965,23.85211],[75.33262,23.83895],[75.32283,23.80775],[75.33581,23.80325],[75.37257,23.86971],[75.45779,23.91711],[75.56206,23.85627],[75.57762,23.83784],[75.55745,23.82227],[75.58474,23.81153],[75.58393,23.79669],[75.65338,23.79823],[75.68065,23.76583],[75.68605,23.75685]]]}},{"type":"Feature","properties":{"DISTRICT":"Rewa","ST_NM":"Madhya Pradesh","ST_CEN_CD":23,"DT_CEN_CD":13,"censuscode":430},"geometry":{"type":"Polygon","coordinates":[[[81.94547,24.84723],[81.9674,24.82782],[81.97632,24.84107],[82.03255,24.84188],[82.09013,24.81943],[82.12042,24.78963],[82.14048,24.80186],[82.16763,24.78967],[82.20422,24.82192],[82.18725,24.80207],[82.21696,24.79522],[82.2177,24.77896],[82.19759,24.77973],[82.20388,24.76122],[82.18109,24.73705],[82.22194,24.72619],[82.2077,24.74956],[82.23101,24.74925],[82.22915,24.76454],[82.24657,24.75193],[82.25187,24.77325],[82.23809,24.66724],[82.26121,24.66372],[82.27155,24.68402],[82.30458,24.66767],[82.30673,24.59887],[82.27467,24.59337],[82.17914,24.61944],[82.18559,24.60847],[82.13046,24.59326],[82.0703,24.60096],[82.06153,24.57635],[81.95506,24.54713],[81.95107,24.57361],[81.92846,24.56977],[81.89578,24.55329],[81.89927,24.52859],[81.74612,24.49581],[81.73657,24.5121],[81.69746,24.50075],[81.29357,24.32098],[81.27064,24.32444],[81.28397,24.35666],[81.26884,24.37001],[81.29133,24.39629],[81.23915,24.44434],[81.22524,24.49051],[81.13961,24.5115],[81.15839,24.52307],[81.16374,24.63882],[81.18328,24.69859],[81.04702,24.79774],[81.07137,24.80279],[81.07317,24.83183],[81.09841,24.83394],[81.12494,24.89831],[81.14061,24.88858],[81.16051,24.91277],[81.16965,24.95497],[81.20717,24.93127],[81.19263,24.92573],[81.22081,24.93104],[81.20996,24.99218],[81.26989,25.06489],[81.25403,25.10194],[81.28316,25.14978],[81.27751,25.16408],[81.31479,25.16236],[81.32303,25.11271],[81.32135,25.15993],[81.33834,25.16887],[81.39961,25.11961],[81.43861,25.13012],[81.44672,25.10696],[81.40922,25.10427],[81.49208,25.07153],[81.51596,25.10339],[81.48127,25.13365],[81.49801,25.13077],[81.50383,25.14887],[81.53306,25.14019],[81.53844,25.15988],[81.51802,25.18354],[81.57485,25.19229],[81.59646,25.18035],[81.59021,25.16484],[81.61842,25.17024],[81.62742,25.15626],[81.60053,25.133],[81.60962,25.09686],[81.62516,25.11927],[81.64035,25.09995],[81.60217,25.07647],[81.61272,25.05744],[81.66707,25.07645],[81.69026,25.04055],[81.74076,25.04552],[81.79757,25.00703],[81.83774,25.01624],[81.89449,24.9898],[81.90681,25.00659],[81.92035,24.92799],[81.90473,24.88961],[81.93665,24.8702],[81.94294,24.84862],[81.94547,24.84723]]]}},{"type":"Feature","properties":{"DISTRICT":"Sagar","ST_NM":"Madhya Pradesh","ST_CEN_CD":23,"DT_CEN_CD":10,"censuscode":427},"geometry":{"type":"Polygon","coordinates":[[[78.99363,24.4189],[79.006,24.37104],[79.01766,24.38216],[79.04838,24.36797],[79.07341,24.40271],[79.16781,24.42985],[79.24429,24.41083],[79.25311,24.37019],[79.21626,24.3311],[79.19802,24.33362],[79.19697,24.35875],[79.15959,24.37223],[79.16639,24.40567],[79.15101,24.40493],[79.15295,24.3744],[79.14092,24.36898],[79.18433,24.32531],[79.16933,24.30548],[79.17406,24.27934],[79.14014,24.2531],[79.11211,24.26322],[79.09744,24.24361],[79.06747,24.26266],[79.06284,24.22643],[79.04699,24.22073],[79.0735,24.1316],[79.1472,24.10103],[79.18801,24.01248],[79.13419,23.97729],[79.0839,23.97343],[79.09816,23.95378],[79.0569,23.91915],[79.07806,23.90407],[79.09444,23.91815],[79.15132,23.84734],[79.25001,23.82537],[79.22167,23.78436],[79.27251,23.74252],[79.29191,23.7445],[79.29871,23.707],[79.28671,23.68993],[79.35199,23.65699],[79.33599,23.6295],[79.30119,23.63766],[79.30297,23.59675],[79.31826,23.58495],[79.2989,23.56849],[79.32515,23.54947],[79.3297,23.52253],[79.29951,23.51305],[79.28602,23.47706],[79.22693,23.45835],[79.21946,23.43604],[79.18272,23.43077],[79.20163,23.41383],[79.18734,23.40153],[79.19081,23.36769],[79.21889,23.36355],[79.23623,23.33878],[79.2113,23.317],[79.23014,23.2899],[79.21082,23.25651],[79.17209,23.25503],[79.18772,23.20184],[79.14758,23.17118],[79.11472,23.16946],[79.10749,23.20549],[79.05591,23.19208],[78.99458,23.21251],[78.98113,23.19785],[78.94228,23.21059],[78.9342,23.23251],[78.89408,23.21272],[78.84822,23.22486],[78.83336,23.25216],[78.80742,23.23594],[78.75713,23.24828],[78.77025,23.2947],[78.72447,23.34643],[78.65358,23.33812],[78.63038,23.3636],[78.62265,23.41837],[78.60004,23.42303],[78.63003,23.45047],[78.66192,23.44925],[78.6788,23.49387],[78.71944,23.53314],[78.73531,23.53116],[78.73828,23.57617],[78.64668,23.56096],[78.63943,23.54765],[78.5373,23.56146],[78.50376,23.53193],[78.51358,23.6573],[78.48554,23.63792],[78.46892,23.64315],[78.43344,23.74448],[78.3686,23.72568],[78.34612,23.67954],[78.37268,23.68401],[78.40034,23.73092],[78.42872,23.71906],[78.40831,23.69681],[78.42917,23.67689],[78.39821,23.676],[78.41534,23.64456],[78.39868,23.63241],[78.3772,23.65376],[78.33795,23.66019],[78.32386,23.69218],[78.29025,23.6986],[78.29269,23.67371],[78.26906,23.72792],[78.25193,23.70641],[78.23767,23.71397],[78.26529,23.75052],[78.25346,23.75615],[78.26833,23.77745],[78.25735,23.78846],[78.28661,23.78382],[78.28427,23.81044],[78.26386,23.81526],[78.2985,23.82833],[78.29604,23.84651],[78.27523,23.84288],[78.26221,23.85872],[78.27826,23.86605],[78.29303,23.91446],[78.26492,23.9459],[78.28877,23.96506],[78.2781,24.02876],[78.2119,24.06793],[78.17555,24.00897],[78.12433,24.0415],[78.1133,24.02741],[78.07393,24.04697],[78.09027,24.06481],[78.11866,24.04972],[78.13544,24.11574],[78.09658,24.15562],[78.1258,24.16373],[78.14296,24.20219],[78.05903,24.22877],[78.06736,24.23967],[78.09569,24.23041],[78.09159,24.24926],[78.06909,24.24635],[78.09719,24.26109],[78.08817,24.31119],[78.14866,24.35705],[78.16816,24.39543],[78.20985,24.40635],[78.26684,24.44934],[78.36709,24.38127],[78.33207,24.32514],[78.38844,24.2695],[78.44093,24.29323],[78.44646,24.32107],[78.47402,24.33489],[78.51166,24.38947],[78.58476,24.35264],[78.62915,24.30547],[78.62804,24.28189],[78.66079,24.2694],[78.67546,24.2407],[78.70521,24.23018],[78.73864,24.24952],[78.75229,24.23499],[78.76672,24.2542],[78.7981,24.17602],[78.81998,24.20605],[78.83071,24.19708],[78.88537,24.21884],[78.88563,24.24977],[78.91829,24.27225],[78.91436,24.29696],[78.97356,24.34937],[78.9876,24.4135],[78.99363,24.4189]]]}},{"type":"Feature","properties":{"DISTRICT":"Satna","ST_NM":"Madhya Pradesh","ST_CEN_CD":23,"DT_CEN_CD":12,"censuscode":429},"geometry":{"type":"Polygon","coordinates":[[[81.12494,24.89831],[81.09841,24.83394],[81.07317,24.83183],[81.07137,24.80279],[81.04702,24.79774],[81.18328,24.69859],[81.16374,24.63882],[81.15839,24.52307],[81.13961,24.5115],[81.22524,24.49051],[81.23915,24.44434],[81.29133,24.39629],[81.28922,24.38162],[81.26958,24.38048],[81.28397,24.35666],[81.27213,24.32205],[81.30622,24.32244],[81.32659,24.2935],[81.34543,24.29352],[81.35192,24.25425],[81.39076,24.26487],[81.36868,24.20666],[81.34759,24.19013],[81.27944,24.18673],[81.2251,24.15287],[81.22722,24.12945],[81.20132,24.10981],[81.14702,24.1367],[80.99508,24.09142],[80.97357,24.06639],[80.8707,24.08056],[80.8404,24.02611],[80.80939,24.01638],[80.79565,23.96893],[80.76119,23.98991],[80.75834,24.02926],[80.80528,24.04042],[80.80075,24.06722],[80.75018,24.06483],[80.72671,24.07962],[80.71447,24.06972],[80.70008,24.08588],[80.7457,24.11666],[80.73821,24.13517],[80.67795,24.10932],[80.68209,24.07747],[80.64163,24.0883],[80.65138,24.04903],[80.63098,24.07825],[80.54894,24.03306],[80.55491,24.05478],[80.53531,24.06857],[80.51666,24.04909],[80.53312,24.03004],[80.49352,23.99875],[80.35765,23.96701],[80.39072,24.00037],[80.38762,24.04145],[80.44386,24.03519],[80.44616,24.09166],[80.48371,24.069],[80.51142,24.07726],[80.60017,24.13876],[80.61125,24.1684],[80.62628,24.16018],[80.63435,24.18349],[80.651,24.17484],[80.67717,24.19292],[80.63215,24.1981],[80.62221,24.18405],[80.62546,24.19828],[80.57363,24.24463],[80.5904,24.25275],[80.56578,24.26713],[80.57884,24.29958],[80.51715,24.34283],[80.50316,24.37328],[80.4721,24.37639],[80.46216,24.4358],[80.42492,24.44178],[80.4399,24.50529],[80.467,24.52063],[80.44662,24.52904],[80.47233,24.61099],[80.42189,24.60969],[80.42309,24.63394],[80.36839,24.69067],[80.40612,24.71111],[80.39539,24.74397],[80.41243,24.77419],[80.44057,24.74681],[80.47574,24.75644],[80.53981,24.80851],[80.60785,24.83393],[80.59852,24.84257],[80.63443,24.86529],[80.52357,24.91632],[80.49077,24.88701],[80.48347,24.85351],[80.49666,24.9143],[80.47356,24.97237],[80.50674,25.00518],[80.55059,25.00482],[80.54848,25.03175],[80.50227,25.04125],[80.50809,25.08545],[80.48258,25.09769],[80.51762,25.09691],[80.55154,25.06359],[80.57057,25.08737],[80.61491,25.06815],[80.59594,25.10502],[80.60781,25.15136],[80.64056,25.11922],[80.60951,25.10035],[80.62819,25.08555],[80.64339,25.09352],[80.66446,25.07044],[80.68743,25.07783],[80.68171,25.0502],[80.73537,25.06787],[80.78411,25.05779],[80.78418,25.08037],[80.73343,25.09398],[80.73357,25.11889],[80.70785,25.13311],[80.80783,25.14245],[80.83593,25.10639],[80.84458,25.1887],[80.88636,25.19164],[80.9132,25.1564],[80.87323,25.11975],[80.87886,25.0672],[80.83486,25.03534],[80.85634,24.99434],[80.82678,24.96984],[80.7981,24.96797],[80.81031,24.94068],[80.90818,24.93587],[80.90543,24.95299],[80.94499,24.96879],[80.95925,24.92336],[80.98041,24.93594],[81.02496,24.92884],[81.0177,24.95067],[81.08462,24.94866],[81.12109,24.90199],[81.12494,24.89831]]]}},{"type":"Feature","properties":{"DISTRICT":"Sehore","ST_NM":"Madhya Pradesh","ST_CEN_CD":23,"DT_CEN_CD":28,"censuscode":445},"geometry":{"type":"Polygon","coordinates":[[[77.38339,23.08939],[77.3614,23.05653],[77.37544,23.01988],[77.36685,22.99752],[77.40269,22.96148],[77.4309,22.95769],[77.43612,22.90608],[77.46618,22.90795],[77.49426,22.88447],[77.5273,22.89214],[77.52136,22.87046],[77.53565,22.85042],[77.56127,22.87486],[77.62909,22.83072],[77.69219,22.83413],[77.67256,22.85483],[77.69982,22.88309],[77.77794,22.8971],[77.87468,22.94897],[77.96498,22.96115],[77.94883,22.90211],[78.00573,22.93009],[78.034,22.90774],[78.00927,22.85743],[78.03022,22.84207],[78.02912,22.80277],[77.99839,22.81833],[77.95919,22.81385],[77.92086,22.75962],[77.90835,22.80256],[77.92545,22.84548],[77.87029,22.81966],[77.86842,22.85537],[77.845,22.86202],[77.7939,22.83142],[77.77774,22.78993],[77.7392,22.75749],[77.69848,22.76338],[77.66496,22.73069],[77.61919,22.74201],[77.57177,22.66943],[77.36301,22.61028],[77.3243,22.56311],[77.29004,22.56633],[77.26183,22.60857],[77.21203,22.56958],[77.15856,22.58453],[77.12187,22.55881],[77.12235,22.59955],[77.08484,22.62573],[77.08833,22.65359],[77.02979,22.69029],[77.04183,22.70578],[77.03584,22.73242],[77.01964,22.73748],[77.02734,22.7753],[77.01049,22.79633],[76.99893,22.87217],[76.98412,22.87968],[76.96054,22.86313],[76.92905,22.87624],[76.9217,22.82811],[76.90594,22.83304],[76.91789,22.86974],[76.9029,22.86289],[76.90906,22.87863],[76.89255,22.87172],[76.89708,22.89019],[76.88915,22.8807],[76.87805,22.89235],[76.87934,22.87293],[76.86402,22.88643],[76.8623,22.86923],[76.84932,22.88066],[76.85002,22.86723],[76.80816,22.86292],[76.7895,22.83377],[76.7624,22.82486],[76.7693,22.81717],[76.69328,22.82141],[76.70297,22.79322],[76.65533,22.78503],[76.64226,22.80556],[76.56649,22.76085],[76.56857,22.77491],[76.55165,22.77306],[76.55989,22.78686],[76.5227,22.80445],[76.52055,22.86177],[76.49846,22.89229],[76.46449,22.90159],[76.45172,22.9287],[76.47346,22.97009],[76.44625,22.98559],[76.47009,22.99974],[76.4492,23.02402],[76.46245,23.07129],[76.44928,23.08699],[76.51619,23.07281],[76.51883,23.08786],[76.49584,23.10634],[76.53839,23.12872],[76.58977,23.10973],[76.62772,23.13706],[76.63159,23.19589],[76.68821,23.19207],[76.70079,23.15685],[76.73886,23.14064],[76.75449,23.15412],[76.74417,23.17674],[76.75768,23.17953],[76.83435,23.1106],[76.86419,23.10533],[76.89941,23.13281],[76.89401,23.20598],[76.99403,23.28527],[76.99711,23.39884],[77.01906,23.4072],[77.05186,23.48062],[77.15017,23.57401],[77.15619,23.61085],[77.13873,23.6414],[77.16998,23.68662],[77.19962,23.6596],[77.22213,23.66621],[77.22903,23.62605],[77.27605,23.61049],[77.29835,23.58214],[77.28567,23.56575],[77.29835,23.43159],[77.28114,23.4084],[77.24492,23.40926],[77.23795,23.39627],[77.26196,23.38431],[77.23093,23.35683],[77.22725,23.32821],[77.20402,23.35967],[77.18714,23.35661],[77.18044,23.30778],[77.22369,23.29061],[77.21728,23.25806],[77.18949,23.23418],[77.19708,23.22175],[77.22097,23.22693],[77.21719,23.20339],[77.24123,23.19441],[77.28648,23.10205],[77.32728,23.10832],[77.33635,23.09487],[77.37883,23.09216],[77.38339,23.08939]]]}},{"type":"Feature","properties":{"DISTRICT":"Seoni","ST_NM":"Madhya Pradesh","ST_CEN_CD":23,"DT_CEN_CD":39,"censuscode":456},"geometry":{"type":"Polygon","coordinates":[[[79.96401,22.85256],[80.0671,22.75816],[80.10311,22.77096],[80.18516,22.76619],[80.21574,22.80126],[80.2689,22.79432],[80.29101,22.72563],[80.24031,22.71651],[80.23657,22.67595],[80.19566,22.65178],[80.21625,22.62873],[80.19897,22.60638],[80.15273,22.60197],[80.11302,22.6271],[80.0362,22.60695],[80.00858,22.57824],[79.95398,22.55684],[80.03203,22.5425],[80.0261,22.50351],[80.09345,22.42367],[80.07082,22.37643],[80.10138,22.33616],[80.0828,22.29848],[80.09848,22.24903],[80.035,22.18162],[80.07004,22.07638],[80.00515,22.08239],[79.92943,22.0618],[79.92406,21.97055],[79.86388,21.96603],[79.83874,21.93885],[79.89267,21.92855],[79.87106,21.89878],[79.8414,21.90338],[79.8411,21.8843],[79.81895,21.86865],[79.78223,21.86242],[79.79553,21.84304],[79.76951,21.80659],[79.6924,21.79929],[79.6819,21.74463],[79.6577,21.73377],[79.67422,21.69466],[79.60123,21.70794],[79.61059,21.68565],[79.58847,21.65526],[79.59511,21.6435],[79.54112,21.62626],[79.54637,21.61035],[79.52462,21.59293],[79.51189,21.5894],[79.50425,21.61147],[79.5177,21.63021],[79.49462,21.67312],[79.46454,21.68628],[79.35493,21.67778],[79.22488,21.71837],[79.23204,21.75893],[79.28577,21.77815],[79.29413,21.80964],[79.2775,21.83457],[79.32832,21.91792],[79.34857,21.92378],[79.34236,21.95225],[79.37441,21.97154],[79.37624,21.9915],[79.39721,21.9911],[79.40875,22.04035],[79.39013,22.04247],[79.37767,22.08374],[79.3932,22.10209],[79.35633,22.1327],[79.3258,22.22443],[79.33648,22.24029],[79.36642,22.22107],[79.36377,22.26358],[79.34384,22.28476],[79.30517,22.28979],[79.28696,22.3145],[79.35398,22.3495],[79.34412,22.38444],[79.31845,22.39301],[79.28531,22.37524],[79.29903,22.41465],[79.33697,22.42298],[79.33531,22.44287],[79.32413,22.4334],[79.26622,22.45332],[79.23678,22.4467],[79.22461,22.42362],[79.19965,22.44793],[79.23746,22.47326],[79.34513,22.48564],[79.32119,22.53897],[79.37429,22.59914],[79.32562,22.61559],[79.39241,22.67107],[79.41311,22.72203],[79.4698,22.7407],[79.47267,22.72366],[79.51386,22.71991],[79.5167,22.77542],[79.54453,22.81757],[79.62528,22.87337],[79.62221,22.90232],[79.58397,22.94182],[79.62298,22.95475],[79.66217,22.92214],[79.74901,22.91736],[79.74486,22.89986],[79.77655,22.8785],[79.76044,22.85688],[79.76754,22.84338],[79.81167,22.868],[79.84367,22.8299],[79.88754,22.85998],[79.90835,22.84547],[79.9551,22.85691],[79.96401,22.85256]]]}},{"type":"Feature","properties":{"DISTRICT":"Shahdol","ST_NM":"Madhya Pradesh","ST_CEN_CD":23,"DT_CEN_CD":43,"censuscode":460},"geometry":{"type":"MultiPolygon","coordinates":[[[[81.47068,24.26098],[81.48352,24.20052],[81.4724,24.17684],[81.5027,24.16125],[81.48626,24.148],[81.51044,24.11449],[81.5101,24.08609],[81.55958,24.07624],[81.48328,24.03424],[81.51338,24.02134],[81.50892,23.98047],[81.53666,23.98212],[81.55508,23.96062],[81.54018,23.94522],[81.54539,23.91223],[81.62258,23.87077],[81.6051,23.85994],[81.61355,23.83624],[81.63582,23.83239],[81.64734,23.76927],[81.68176,23.75216],[81.69496,23.7196],[81.65076,23.65862],[81.62087,23.65925],[81.61029,23.59836],[81.57733,23.58696],[81.58466,23.55325],[81.61329,23.54888],[81.61279,23.50933],[81.63581,23.48886],[81.66213,23.53001],[81.70069,23.52184],[81.74365,23.56592],[81.81224,23.54439],[81.83478,23.50992],[81.92138,23.53245],[81.95656,23.4955],[81.95524,23.47043],[81.98267,23.43071],[81.97028,23.37058],[81.94314,23.3863],[81.93369,23.3501],[81.87637,23.29729],[81.85535,23.31856],[81.82035,23.30721],[81.86419,23.27625],[81.8832,23.23874],[81.79569,23.25994],[81.76818,23.2455],[81.75813,23.21364],[81.71987,23.20321],[81.67326,23.21317],[81.65553,23.19496],[81.6139,23.19686],[81.63169,23.22973],[81.56965,23.21281],[81.60209,23.19278],[81.59728,23.17033],[81.53854,23.11747],[81.55392,23.08947],[81.61717,23.0631],[81.60943,23.03718],[81.55695,23.02127],[81.52891,23.05173],[81.5518,23.06188],[81.52007,23.08141],[81.44157,23.0569],[81.39114,23.06144],[81.36897,23.08922],[81.31966,23.10293],[81.33274,23.14722],[81.30505,23.15322],[81.29848,23.17705],[81.25733,23.2088],[81.28324,23.22899],[81.29987,23.28587],[81.33426,23.2967],[81.35338,23.35398],[81.33339,23.37089],[81.3361,23.41092],[81.30967,23.42341],[81.30199,23.4468],[81.2988,23.56183],[81.25116,23.57895],[81.22892,23.67478],[81.24749,23.69469],[81.24753,23.72459],[81.21411,23.74499],[81.18214,23.79565],[81.19235,23.8205],[81.26927,23.83877],[81.2579,23.85376],[81.22367,23.85459],[81.2097,23.88106],[81.16461,23.88736],[81.17726,23.91295],[81.14081,23.92478],[81.12761,23.9691],[81.06987,23.9659],[81.00128,24.0814],[81.12845,24.1343],[81.15855,24.13639],[81.20132,24.10981],[81.22722,24.12945],[81.2251,24.15287],[81.27944,24.18673],[81.36084,24.1981],[81.39076,24.26487],[81.44481,24.25921],[81.45742,24.28229],[81.46922,24.26893],[81.47068,24.26098]]]]}},{"type":"Feature","properties":{"DISTRICT":"Shajapur","ST_NM":"Madhya Pradesh","ST_CEN_CD":23,"DT_CEN_CD":19,"censuscode":436},"geometry":{"type":"Polygon","coordinates":[[[76.21863,24.21259],[76.22724,24.15289],[76.24822,24.14811],[76.2283,24.11629],[76.23892,24.09559],[76.20414,24.09963],[76.21571,24.05521],[76.2709,24.04847],[76.27912,24.00282],[76.25566,23.98111],[76.30299,23.96207],[76.31558,23.92654],[76.2998,23.89729],[76.3278,23.88573],[76.33162,23.86351],[76.35813,23.84944],[76.3618,23.81519],[76.38442,23.80883],[76.37846,23.76883],[76.3977,23.76198],[76.41262,23.71913],[76.40359,23.67438],[76.46448,23.59436],[76.44005,23.60319],[76.43847,23.54604],[76.50642,23.51121],[76.49205,23.53407],[76.51544,23.53177],[76.50519,23.56402],[76.53077,23.5725],[76.58337,23.54816],[76.60316,23.56118],[76.66044,23.53572],[76.6599,23.49927],[76.69548,23.4869],[76.76267,23.49674],[76.7973,23.45581],[76.82,23.48454],[76.87968,23.49644],[76.89584,23.52247],[76.9202,23.51549],[76.91087,23.49537],[76.93883,23.4719],[76.97493,23.50516],[77.05186,23.48062],[77.01906,23.4072],[76.99711,23.39884],[76.99403,23.28527],[76.9448,23.23528],[76.90969,23.23067],[76.89401,23.20598],[76.89941,23.13281],[76.86419,23.10533],[76.80796,23.12408],[76.75768,23.17953],[76.74417,23.17674],[76.74702,23.14216],[76.70079,23.15685],[76.679,23.19581],[76.63159,23.19589],[76.62772,23.13706],[76.58977,23.10973],[76.53839,23.12872],[76.50898,23.17889],[76.4259,23.19093],[76.40927,23.21718],[76.37831,23.22665],[76.28192,23.22725],[76.24737,23.21286],[76.1367,23.22758],[76.11331,23.24125],[76.12948,23.27814],[76.17427,23.26509],[76.20334,23.34189],[76.2239,23.33575],[76.25017,23.35261],[76.24451,23.38793],[76.20872,23.38597],[76.19763,23.42415],[76.21037,23.45101],[76.19407,23.46735],[76.24997,23.50997],[76.22347,23.5299],[76.19617,23.49891],[76.15595,23.50479],[76.17391,23.55054],[76.16122,23.57492],[76.1129,23.54473],[76.08839,23.57594],[76.01792,23.55999],[75.99664,23.58098],[75.94744,23.55324],[75.90685,23.5694],[75.87828,23.5585],[75.84954,23.57331],[75.81182,23.65868],[75.84554,23.68905],[75.84504,23.72961],[75.82879,23.73198],[75.82251,23.69746],[75.75269,23.72567],[75.72824,23.75782],[75.69105,23.74715],[75.70032,23.7881],[75.68905,23.81549],[75.71955,23.81526],[75.73088,23.85442],[75.69985,23.87333],[75.7041,23.90025],[75.75159,23.8862],[75.76346,23.85308],[75.77893,23.85005],[75.79614,23.87047],[75.85547,23.89031],[75.88071,23.88066],[75.93401,23.898],[75.98327,23.93904],[75.96258,24.02137],[76.00462,24.0312],[76.04957,24.0716],[76.13747,24.09116],[76.12418,24.19223],[76.15743,24.23956],[76.146,24.28108],[76.17229,24.29185],[76.18861,24.32726],[76.20937,24.30666],[76.19776,24.28055],[76.21362,24.21862],[76.21863,24.21259]]]}},{"type":"Feature","properties":{"DISTRICT":"Sheopur","ST_NM":"Madhya Pradesh","ST_CEN_CD":23,"DT_CEN_CD":1,"censuscode":418},"geometry":{"type":"Polygon","coordinates":[[[77.14075,26.18105],[77.15175,26.16238],[77.18167,26.17489],[77.20611,26.10602],[77.23361,26.0799],[77.27342,26.12331],[77.40308,26.15311],[77.5208,26.04653],[77.58003,26.01269],[77.61262,26.04104],[77.60459,26.07089],[77.66285,26.09935],[77.66828,26.06959],[77.63546,26.06594],[77.61455,26.03004],[77.62229,26.01222],[77.64853,26.0087],[77.64747,25.96418],[77.59991,25.95985],[77.56541,25.93188],[77.5379,25.94048],[77.54875,25.90307],[77.59891,25.91813],[77.65626,25.91102],[77.63739,25.86745],[77.58147,25.86066],[77.58171,25.82065],[77.55767,25.81383],[77.54447,25.83562],[77.47407,25.86073],[77.44176,25.89138],[77.40786,25.88256],[77.40955,25.8111],[77.44309,25.77786],[77.32872,25.79193],[77.31655,25.73313],[77.27644,25.71952],[77.32187,25.66854],[77.27186,25.67493],[77.25307,25.65965],[77.28201,25.63016],[77.25623,25.58774],[77.27116,25.583],[77.27206,25.56037],[77.30252,25.55695],[77.29987,25.54229],[77.17815,25.50948],[77.18483,25.46603],[77.1413,25.45776],[77.15126,25.4226],[77.1053,25.41009],[77.10131,25.38373],[77.01581,25.38227],[77.01207,25.35304],[77.08046,25.3453],[77.06896,25.3191],[77.04481,25.32002],[77.02961,25.29608],[76.96407,25.29218],[76.95801,25.27356],[76.93922,25.27093],[76.93449,25.29231],[76.89849,25.31743],[76.84819,25.32557],[76.77519,25.30727],[76.60749,25.38411],[76.5276,25.51942],[76.51985,25.62879],[76.50456,25.64346],[76.51596,25.66794],[76.48292,25.69018],[76.48757,25.71324],[76.53589,25.72904],[76.52797,25.76941],[76.54085,25.80423],[76.59825,25.86917],[76.63725,25.87022],[76.65177,25.90382],[76.73906,25.89747],[76.76821,25.91696],[76.76174,25.93659],[76.8122,25.94785],[76.84624,26.00612],[76.83642,26.02443],[76.87652,26.05126],[76.89395,26.08811],[76.99236,26.12708],[77.04118,26.17663],[77.09821,26.18555],[77.11598,26.21973],[77.14638,26.19002],[77.14075,26.18105]]]}},{"type":"Feature","properties":{"DISTRICT":"Shivpuri","ST_NM":"Madhya Pradesh","ST_CEN_CD":23,"DT_CEN_CD":6,"censuscode":423},"geometry":{"type":"Polygon","coordinates":[[[77.70823,25.87905],[77.74545,25.88224],[77.74606,25.8629],[77.78266,25.85567],[77.80286,25.82029],[77.86288,25.80902],[77.87864,25.73834],[77.99833,25.76551],[77.99576,25.7404],[78.04211,25.71333],[78.1587,25.71878],[78.28094,25.78098],[78.28106,25.7501],[78.22892,25.72544],[78.2163,25.69922],[78.24956,25.69134],[78.24771,25.71469],[78.26034,25.71898],[78.28322,25.70147],[78.30802,25.70443],[78.3355,25.66396],[78.37575,25.66077],[78.38885,25.6075],[78.41028,25.59809],[78.39766,25.57044],[78.44449,25.59452],[78.46768,25.58444],[78.46384,25.56384],[78.4548,25.57428],[78.4171,25.53244],[78.42784,25.47238],[78.38444,25.44315],[78.35461,25.4496],[78.33944,25.39934],[78.30112,25.36243],[78.33818,25.33155],[78.3149,25.30583],[78.35203,25.29279],[78.36909,25.2603],[78.36138,25.24097],[78.4046,25.21266],[78.39218,25.19009],[78.45331,25.16397],[78.4251,25.14846],[78.44973,25.12374],[78.40209,25.1255],[78.33445,25.08375],[78.3447,25.02236],[78.33414,24.9946],[78.17169,24.87684],[78.16817,24.83996],[78.11188,24.83519],[78.0489,24.85585],[78.0216,24.83591],[77.99786,24.85059],[77.97378,24.84492],[77.98236,24.91232],[78.017,24.95305],[77.96292,24.96512],[77.95214,24.98627],[77.91309,24.98211],[77.88529,25.00612],[77.82622,24.99953],[77.7981,24.93304],[77.73569,24.85795],[77.67316,24.86529],[77.61042,24.92732],[77.59258,24.92587],[77.58816,24.96275],[77.5425,24.91119],[77.54889,24.89587],[77.58712,24.8886],[77.56293,24.87105],[77.48032,24.87422],[77.46163,24.92674],[77.40433,24.94691],[77.38833,24.9259],[77.36947,24.9269],[77.30818,25.07149],[77.39236,25.11693],[77.40424,25.10824],[77.39646,25.18313],[77.4238,25.18795],[77.41222,25.2212],[77.35546,25.26667],[77.38065,25.30073],[77.36963,25.32787],[77.34225,25.32047],[77.36195,25.36275],[77.35018,25.38278],[77.3603,25.41885],[77.31122,25.43125],[77.28887,25.41845],[77.226,25.36832],[77.22071,25.31941],[77.20384,25.32544],[77.21081,25.30635],[77.081,25.33464],[77.07797,25.35267],[77.04237,25.3417],[77.01207,25.35304],[77.02022,25.38439],[77.09551,25.3811],[77.11052,25.39287],[77.1053,25.41009],[77.14814,25.41839],[77.1413,25.45776],[77.18483,25.46603],[77.17815,25.50948],[77.29451,25.53427],[77.30252,25.55695],[77.27206,25.56037],[77.27116,25.583],[77.25623,25.58774],[77.28201,25.63016],[77.25307,25.65965],[77.27186,25.67493],[77.32187,25.66854],[77.27644,25.71952],[77.31655,25.73313],[77.32872,25.79193],[77.44309,25.77786],[77.40955,25.8111],[77.40786,25.88256],[77.44176,25.89138],[77.47407,25.86073],[77.54447,25.83562],[77.55767,25.81383],[77.58171,25.82065],[77.58147,25.86066],[77.63739,25.86745],[77.65627,25.91103],[77.6855,25.91336],[77.70303,25.88048],[77.70823,25.87905]]]}},{"type":"Feature","properties":{"DISTRICT":"Sidhi","ST_NM":"Madhya Pradesh","ST_CEN_CD":23,"DT_CEN_CD":45,"censuscode":462},"geometry":{"type":"Polygon","coordinates":[[[82.25893,24.59824],[82.30673,24.59887],[82.3791,24.55897],[82.33855,24.51106],[82.29147,24.50154],[82.24113,24.46999],[82.23624,24.44314],[82.1896,24.4252],[82.20652,24.39747],[82.17936,24.38254],[82.15397,24.391],[82.16362,24.35843],[82.11633,24.36007],[82.11495,24.32421],[82.03155,24.30653],[82.04207,24.2863],[81.99989,24.23764],[81.98465,24.23238],[81.95652,24.25506],[81.95759,24.23498],[81.94013,24.23701],[81.89714,24.18723],[81.87714,24.12889],[81.90649,24.11519],[81.90765,24.08484],[81.95227,24.06445],[81.9652,24.01712],[82.00686,24.01164],[82.02169,24.03055],[82.05331,24.00292],[82.08522,24.01977],[82.09504,23.98989],[82.12699,23.9935],[82.15607,23.97429],[82.17203,24.00026],[82.19499,23.98145],[82.22011,23.9863],[82.20733,23.94884],[82.24239,23.88973],[82.21165,23.85153],[82.173,23.81929],[82.08576,23.81554],[82.05313,23.81903],[82.00849,23.86148],[81.95846,23.8512],[81.9242,23.87125],[81.86067,23.82259],[81.79038,23.81006],[81.7268,23.83856],[81.73074,23.85709],[81.71042,23.86149],[81.66935,23.92358],[81.60463,23.88699],[81.54539,23.91223],[81.54018,23.94522],[81.55508,23.96062],[81.53666,23.98212],[81.50892,23.98047],[81.51338,24.02134],[81.48204,24.03725],[81.51965,24.04439],[81.55958,24.07624],[81.5101,24.08609],[81.51044,24.11449],[81.48626,24.148],[81.5027,24.16125],[81.4724,24.17684],[81.4825,24.23651],[81.46922,24.26893],[81.45742,24.28229],[81.44481,24.25921],[81.38632,24.26721],[81.35192,24.25425],[81.34543,24.29352],[81.31193,24.30882],[81.31726,24.336],[81.69746,24.50075],[81.73657,24.5121],[81.74612,24.49581],[81.89927,24.52859],[81.89578,24.55329],[81.92846,24.56977],[81.95107,24.57361],[81.95506,24.54713],[82.06153,24.57635],[82.0703,24.60096],[82.13046,24.59326],[82.18559,24.60847],[82.17914,24.61944],[82.24783,24.60747],[82.25893,24.59824]]]}},{"type":"Feature","properties":{"DISTRICT":"Singrauli","ST_NM":"Madhya Pradesh","ST_CEN_CD":23,"DT_CEN_CD":46,"censuscode":463},"geometry":{"type":"Polygon","coordinates":[[[82.21165,23.85153],[82.24239,23.88973],[82.20733,23.94884],[82.22011,23.9863],[82.19499,23.98145],[82.17203,24.00026],[82.15607,23.97429],[82.12699,23.9935],[82.09504,23.98989],[82.08522,24.01977],[82.05331,24.00292],[82.02169,24.03055],[82.00686,24.01164],[81.9652,24.01712],[81.95227,24.06445],[81.90765,24.08484],[81.90649,24.11519],[81.87883,24.1238],[81.89714,24.18723],[81.94013,24.23701],[81.95759,24.23498],[81.95652,24.25506],[81.98465,24.23238],[81.99989,24.23764],[82.04207,24.2863],[82.03155,24.30653],[82.11495,24.32421],[82.11633,24.36007],[82.16644,24.36056],[82.15134,24.38829],[82.20347,24.39102],[82.1896,24.4252],[82.23624,24.44314],[82.24113,24.46999],[82.33855,24.51106],[82.3791,24.55897],[82.30205,24.61145],[82.3379,24.62149],[82.36896,24.59978],[82.41729,24.59566],[82.40977,24.68153],[82.42832,24.70297],[82.45301,24.69412],[82.457,24.67567],[82.52657,24.67617],[82.53741,24.64983],[82.67369,24.69779],[82.70408,24.67371],[82.70328,24.64228],[82.77089,24.64374],[82.76816,24.59794],[82.80446,24.59791],[82.80883,24.55089],[82.75409,24.5397],[82.74927,24.55275],[82.72059,24.55436],[82.72367,24.51148],[82.74459,24.49799],[82.73178,24.47456],[82.7407,24.43103],[82.71512,24.3835],[82.72647,24.36957],[82.76855,24.37143],[82.77205,24.29091],[82.75782,24.23467],[82.7349,24.22179],[82.74402,24.16696],[82.72821,24.13763],[82.67872,24.15704],[82.66527,24.13339],[82.71624,24.07946],[82.77408,24.07661],[82.7498,24.0202],[82.80505,24.00401],[82.81553,23.96198],[82.75586,23.92121],[82.66427,23.90672],[82.65975,23.85542],[82.59372,23.82177],[82.53508,23.82293],[82.55224,23.79311],[82.52393,23.78313],[82.46776,23.81021],[82.33597,23.80236],[82.26304,23.82051],[82.23387,23.80554],[82.20701,23.83048],[82.21178,23.85113],[82.21165,23.85153]]]}},{"type":"Feature","properties":{"DISTRICT":"Tikamgarh","ST_NM":"Madhya Pradesh","ST_CEN_CD":23,"DT_CEN_CD":7,"censuscode":424},"geometry":{"type":"Polygon","coordinates":[[[79.32142,25.14617],[79.34464,25.07603],[79.33172,25.04577],[79.3493,24.90061],[79.30796,24.8055],[79.32104,24.73993],[79.30364,24.68471],[79.27939,24.66463],[79.21945,24.66135],[79.19302,24.61235],[79.06668,24.62298],[79.071,24.59311],[79.01794,24.5351],[78.98875,24.44288],[78.95113,24.43889],[78.90767,24.48394],[78.92433,24.49807],[78.94989,24.48047],[78.97227,24.49586],[78.95094,24.50508],[78.95147,24.55174],[78.87987,24.64238],[78.83553,24.60326],[78.78358,24.58853],[78.75614,24.6004],[78.74677,24.65534],[78.77915,24.69949],[78.77138,24.79028],[78.78738,24.81025],[78.77136,24.8566],[78.67523,24.89758],[78.66056,24.93936],[78.64734,24.9355],[78.62889,24.96003],[78.64887,25.05654],[78.60409,25.09289],[78.60069,25.15238],[78.56851,25.22238],[78.57561,25.25352],[78.5037,25.28874],[78.46097,25.26549],[78.4343,25.28354],[78.44757,25.29902],[78.47405,25.28788],[78.49921,25.31869],[78.50728,25.299],[78.53213,25.3014],[78.54853,25.32147],[78.53225,25.35786],[78.58334,25.34679],[78.56828,25.39052],[78.59551,25.38694],[78.61072,25.4119],[78.63581,25.40129],[78.64093,25.43287],[78.65998,25.43882],[78.69307,25.44261],[78.70871,25.42369],[78.67635,25.39872],[78.66377,25.41496],[78.66512,25.38283],[78.71629,25.37362],[78.72085,25.34787],[78.77165,25.35329],[78.76695,25.39694],[78.74886,25.39345],[78.75046,25.40755],[78.8203,25.42529],[78.79684,25.43687],[78.76243,25.42869],[78.73201,25.45813],[78.73914,25.49545],[78.76394,25.47097],[78.79694,25.47833],[78.83732,25.46053],[78.85319,25.44925],[78.82128,25.44116],[78.84166,25.42732],[78.86462,25.46199],[78.83581,25.50479],[78.88353,25.51912],[78.88191,25.55181],[78.91795,25.55414],[78.92441,25.53611],[78.93834,25.55453],[78.94948,25.52598],[78.92394,25.51558],[78.94316,25.47488],[78.9107,25.44181],[78.93662,25.42322],[78.96765,25.43378],[78.98598,25.37095],[78.93605,25.34674],[78.89987,25.37022],[78.93858,25.37205],[78.95683,25.39508],[78.88216,25.38256],[78.84509,25.34708],[78.85084,25.32729],[78.79054,25.29811],[78.81896,25.29478],[78.81287,25.26589],[78.849,25.22416],[78.87974,25.28318],[78.86376,25.3119],[78.88388,25.33939],[78.92628,25.34093],[78.93501,25.32666],[78.96321,25.34271],[78.96019,25.30684],[78.97744,25.28021],[78.95491,25.27869],[78.94796,25.25769],[78.91594,25.26935],[78.89899,25.24046],[78.88317,25.25076],[78.88114,25.15832],[78.95565,25.21521],[79.00314,25.19101],[79.00205,25.22879],[78.97852,25.23995],[79.00007,25.27274],[79.01977,25.26906],[79.03387,25.22972],[79.06385,25.22078],[79.03195,25.18165],[79.04313,25.16899],[79.03556,25.13505],[79.0654,25.14595],[79.0917,25.18763],[79.12783,25.15931],[79.11519,25.13884],[79.13171,25.10703],[79.18672,25.11288],[79.17418,25.13751],[79.1923,25.14629],[79.2138,25.10896],[79.24583,25.11157],[79.25101,25.13598],[79.22136,25.14356],[79.24331,25.15613],[79.26669,25.14846],[79.26754,25.11732],[79.31322,25.13512],[79.32142,25.14617]]]}},{"type":"Feature","properties":{"DISTRICT":"Ujjain","ST_NM":"Madhya Pradesh","ST_CEN_CD":23,"DT_CEN_CD":18,"censuscode":435},"geometry":{"type":"Polygon","coordinates":[[[76.11331,23.24125],[76.07274,23.23721],[76.07579,23.20967],[76.04779,23.206],[76.0804,23.19228],[76.12424,23.20985],[76.14003,23.19401],[76.13402,23.17906],[76.07171,23.16212],[76.05108,23.17931],[76.048,23.14287],[76.10256,23.09211],[76.10227,23.05271],[76.07438,23.05043],[76.05291,23.07827],[76.05681,23.10095],[76.03018,23.18039],[76.00403,23.20746],[76.00001,23.24693],[75.97065,23.24894],[75.99232,23.28029],[75.96215,23.32155],[75.94888,23.31979],[75.92922,23.273],[75.93124,23.22724],[75.95095,23.22607],[75.95418,23.181],[75.93366,23.13481],[75.95992,23.12629],[75.959,23.10731],[75.99193,23.07837],[75.96393,23.02557],[75.90367,23.02561],[75.9005,23.0003],[75.87381,23.03825],[75.81283,23.04095],[75.73766,23.03524],[75.73083,23.01649],[75.64019,23.02378],[75.64247,23.00596],[75.61945,23.05321],[75.62622,23.08738],[75.56746,23.08607],[75.57041,23.06797],[75.52171,23.04079],[75.50777,23.00519],[75.49009,23.01494],[75.47606,23.00335],[75.48925,22.98389],[75.45573,22.9416],[75.47904,22.93029],[75.44033,22.90753],[75.43777,22.8695],[75.37448,22.86825],[75.34501,22.83094],[75.30628,22.93929],[75.3276,22.9819],[75.30379,22.99341],[75.30313,23.01173],[75.3055,23.04682],[75.33851,23.04318],[75.34974,23.06911],[75.32719,23.07171],[75.302,23.12901],[75.24147,23.13593],[75.22578,23.21131],[75.24534,23.22777],[75.28262,23.21949],[75.26278,23.26861],[75.32095,23.27678],[75.32612,23.29527],[75.26379,23.29902],[75.25871,23.31375],[75.201,23.32669],[75.20583,23.34987],[75.18976,23.36987],[75.16516,23.39882],[75.13406,23.40794],[75.15778,23.42125],[75.19078,23.52926],[75.23611,23.51491],[75.24412,23.53441],[75.27387,23.54204],[75.27954,23.58746],[75.31114,23.60501],[75.3152,23.62333],[75.34123,23.62775],[75.33294,23.59324],[75.39802,23.60191],[75.44604,23.54946],[75.50484,23.52716],[75.52366,23.53991],[75.49603,23.55853],[75.51455,23.58859],[75.50411,23.62098],[75.52452,23.66881],[75.61891,23.6603],[75.64457,23.7101],[75.6874,23.71476],[75.68932,23.74627],[75.72824,23.75782],[75.75269,23.72567],[75.82251,23.69746],[75.82879,23.73198],[75.84504,23.72961],[75.84554,23.68905],[75.81182,23.65868],[75.852,23.57017],[75.87828,23.5585],[75.91867,23.56741],[75.9359,23.55267],[75.99664,23.58098],[76.01792,23.55999],[76.09331,23.57552],[76.1129,23.54473],[76.16122,23.57492],[76.17391,23.55054],[76.15595,23.50479],[76.19617,23.49891],[76.22347,23.5299],[76.24997,23.50997],[76.19407,23.47467],[76.21037,23.45101],[76.19763,23.42415],[76.20872,23.38597],[76.24451,23.38793],[76.24892,23.34969],[76.20334,23.34189],[76.17942,23.27061],[76.12948,23.27814],[76.11478,23.24282],[76.11331,23.24125]]]}},{"type":"Feature","properties":{"DISTRICT":"Umaria","ST_NM":"Madhya Pradesh","ST_CEN_CD":23,"DT_CEN_CD":14,"censuscode":431},"geometry":{"type":"Polygon","coordinates":[[[81.00251,24.07081],[81.06084,24.00029],[81.06987,23.9659],[81.12761,23.9691],[81.14081,23.92478],[81.17726,23.91295],[81.16461,23.88736],[81.2097,23.88106],[81.22367,23.85459],[81.2579,23.85376],[81.26927,23.83877],[81.19235,23.8205],[81.18214,23.79565],[81.21411,23.74499],[81.24753,23.72459],[81.24749,23.69469],[81.22892,23.67478],[81.25116,23.57895],[81.2988,23.56183],[81.30199,23.4468],[81.30967,23.42341],[81.3361,23.41092],[81.33339,23.37089],[81.35338,23.35398],[81.33426,23.2967],[81.29987,23.28587],[81.28324,23.22899],[81.25733,23.2088],[81.19785,23.28945],[81.16766,23.29806],[81.18066,23.31701],[81.16954,23.33089],[81.13782,23.31994],[81.13529,23.22983],[81.10694,23.20316],[81.06784,23.19436],[80.99473,23.23232],[80.94184,23.28887],[80.86256,23.22181],[80.80828,23.25278],[80.79339,23.24986],[80.78914,23.22261],[80.76272,23.21963],[80.71718,23.28046],[80.75488,23.31999],[80.75709,23.34403],[80.70166,23.37092],[80.59434,23.34695],[80.54051,23.35673],[80.55773,23.37741],[80.53092,23.41601],[80.5607,23.44057],[80.56527,23.46761],[80.54585,23.49281],[80.5511,23.54327],[80.56229,23.56559],[80.62256,23.59247],[80.62125,23.61226],[80.64982,23.63387],[80.64349,23.64865],[80.66994,23.66917],[80.71036,23.76081],[80.73051,23.72906],[80.82158,23.66932],[80.90415,23.68214],[80.89195,23.76585],[80.91328,23.78656],[80.89456,23.8607],[80.8624,23.87823],[80.87588,23.90361],[80.84265,23.90746],[80.83559,23.95323],[80.87688,23.96884],[80.9055,24.03856],[81.01167,24.09249],[81.00128,24.0814],[81.00251,24.07081]]]}},{"type":"Feature","properties":{"DISTRICT":"Vidisha","ST_NM":"Madhya Pradesh","ST_CEN_CD":23,"DT_CEN_CD":26,"censuscode":443},"geometry":{"type":"Polygon","coordinates":[[[77.64899,24.3151],[77.7158,24.30235],[77.7716,24.30288],[77.78682,24.31772],[77.81975,24.30323],[77.8915,24.31505],[77.88599,24.27962],[77.92716,24.26837],[77.94213,24.23123],[77.96617,24.24786],[78.00778,24.23854],[78.03032,24.28893],[78.04701,24.28409],[78.07132,24.24373],[78.09739,24.23958],[78.09285,24.22717],[78.06736,24.23967],[78.05903,24.22877],[78.14296,24.20219],[78.1258,24.16373],[78.09658,24.15562],[78.13544,24.11574],[78.11866,24.04972],[78.09027,24.06481],[78.07516,24.04414],[78.1133,24.02741],[78.12433,24.0415],[78.17555,24.00897],[78.2119,24.06793],[78.2781,24.02876],[78.28877,23.96506],[78.26492,23.9459],[78.29303,23.91446],[78.27826,23.86605],[78.26221,23.85872],[78.27523,23.84288],[78.29604,23.84651],[78.2985,23.82833],[78.26386,23.81526],[78.28427,23.81044],[78.28661,23.78382],[78.25735,23.78846],[78.26833,23.77745],[78.25346,23.75615],[78.26529,23.75052],[78.23767,23.71397],[78.25193,23.70641],[78.26906,23.72792],[78.29269,23.67371],[78.27695,23.61061],[78.22616,23.55968],[78.22159,23.52875],[78.19488,23.54066],[78.13263,23.51487],[78.14854,23.47475],[78.08592,23.4503],[78.02523,23.47211],[78.00085,23.46617],[77.99414,23.41488],[78.0483,23.40134],[78.05709,23.38411],[78.02222,23.345],[77.96076,23.37241],[77.96076,23.41221],[77.91532,23.45227],[77.87441,23.44124],[77.81546,23.45873],[77.73488,23.53454],[77.67266,23.51793],[77.62907,23.54645],[77.65194,23.48111],[77.62561,23.46382],[77.56582,23.50281],[77.52435,23.5034],[77.50909,23.57596],[77.55773,23.59785],[77.57345,23.64934],[77.6343,23.66434],[77.64996,23.71803],[77.62022,23.7152],[77.60458,23.7305],[77.61382,23.74988],[77.57425,23.76863],[77.55024,23.75769],[77.50354,23.77832],[77.45747,23.7651],[77.43602,23.7835],[77.44771,23.79649],[77.41761,23.80472],[77.39468,23.83316],[77.40032,23.8546],[77.3748,23.88402],[77.31863,23.89379],[77.32277,23.91127],[77.29673,23.93067],[77.30669,23.94805],[77.29554,23.97523],[77.31316,23.98418],[77.29446,23.99963],[77.31176,24.01185],[77.27961,24.0245],[77.29531,24.0432],[77.26003,24.0561],[77.29824,24.08844],[77.28876,24.12466],[77.31347,24.15091],[77.30296,24.16645],[77.34447,24.1829],[77.33214,24.21477],[77.35163,24.21655],[77.32292,24.28499],[77.35474,24.34331],[77.40909,24.32737],[77.3993,24.27915],[77.44188,24.2392],[77.49201,24.2763],[77.50413,24.25368],[77.55363,24.24864],[77.59413,24.26905],[77.59852,24.29758],[77.64165,24.31042],[77.64899,24.3151]]]}},{"type":"Feature","properties":{"DISTRICT":"West Nimar","ST_NM":"Madhya Pradesh","ST_CEN_CD":23,"DT_CEN_CD":23,"censuscode":440},"geometry":{"type":"Polygon","coordinates":[[[76.21357,22.32953],[76.16759,22.25957],[76.11716,22.25411],[76.02409,22.21403],[76.03277,22.19651],[76.07844,22.18633],[76.09933,22.18952],[76.10877,22.21153],[76.16464,22.20422],[76.15676,22.17686],[76.12727,22.16454],[76.14646,22.10974],[76.10467,22.09021],[76.1068,22.05391],[76.15424,22.05783],[76.16589,22.07726],[76.14353,22.09734],[76.18439,22.12177],[76.2287,22.09983],[76.235,22.07483],[76.2009,22.03865],[76.16201,22.03289],[76.16954,22.0016],[76.14674,21.97892],[76.16051,21.96677],[76.15229,21.9455],[76.17121,21.88536],[76.10385,21.84736],[76.11176,21.79278],[76.09676,21.76904],[76.12702,21.75295],[76.1032,21.73796],[76.11857,21.72041],[76.1553,21.73179],[76.17523,21.68616],[76.1628,21.67286],[76.10897,21.68867],[76.07428,21.66121],[76.07936,21.57208],[76.02881,21.54815],[75.95405,21.54455],[75.94853,21.48088],[75.99013,21.48524],[76.01265,21.46725],[75.99189,21.37377],[75.9596,21.39386],[75.88814,21.3973],[75.83252,21.381],[75.738,21.39112],[75.62617,21.37974],[75.62878,21.39733],[75.59194,21.42314],[75.60832,21.45989],[75.49844,21.48897],[75.4663,21.51654],[75.46447,21.54961],[75.50489,21.61411],[75.45267,21.64054],[75.44042,21.6758],[75.34015,21.66647],[75.29657,21.63427],[75.26822,21.68062],[75.21367,21.70377],[75.21783,21.73586],[75.28159,21.74173],[75.27608,21.79912],[75.30987,21.83895],[75.28078,21.87147],[75.28574,21.91501],[75.29566,21.92462],[75.30768,21.9086],[75.33699,21.91154],[75.35379,21.98067],[75.3971,21.9878],[75.44521,22.02426],[75.4202,22.02765],[75.41609,22.05755],[75.45733,22.06229],[75.38634,22.07175],[75.40269,22.07621],[75.39683,22.09132],[75.31915,22.13366],[75.40836,22.13837],[75.50459,22.15763],[75.51807,22.1728],[75.53351,22.2648],[75.50823,22.32152],[75.49173,22.32773],[75.50876,22.34019],[75.50536,22.36915],[75.52542,22.37286],[75.53633,22.35754],[75.57689,22.37653],[75.60893,22.36233],[75.60156,22.34135],[75.64005,22.35393],[75.65246,22.33268],[75.72095,22.36913],[75.7806,22.36999],[75.82764,22.40525],[75.85598,22.38063],[75.90919,22.38644],[75.91724,22.42127],[75.96945,22.43761],[76.00881,22.41929],[76.01399,22.44343],[76.03539,22.43703],[76.05685,22.45313],[76.05517,22.47779],[76.02842,22.49594],[76.03115,22.52875],[76.07936,22.52558],[76.08704,22.54737],[76.10545,22.47067],[76.21551,22.41821],[76.23834,22.39259],[76.22294,22.35699],[76.20648,22.354],[76.21643,22.33242],[76.21357,22.32953]]]}}]}
