{"type":"FeatureCollection","properties":{"source":"DataMeet Community Maps Project - Districts/Census_2011","state":"Uttar Pradesh","stateSlug":"uttar-pradesh"},"features":[{"type":"Feature","properties":{"DISTRICT":"Agra","ST_NM":"Uttar Pradesh","ST_CEN_CD":9,"DT_CEN_CD":15,"censuscode":146},"geometry":{"type":"Polygon","coordinates":[[[78.19803,27.4028],[78.29686,27.38224],[78.27878,27.33726],[78.28351,27.30054],[78.21298,27.31079],[78.22391,27.28041],[78.21314,27.26338],[78.24041,27.25477],[78.22036,27.2402],[78.23468,27.21629],[78.20629,27.21027],[78.21971,27.1566],[78.20046,27.11929],[78.22884,27.09322],[78.22912,27.0726],[78.26019,27.08117],[78.24483,27.10902],[78.2842,27.07952],[78.29917,27.11982],[78.31834,27.12076],[78.32302,27.10646],[78.34398,27.12513],[78.36959,27.12171],[78.36692,27.10831],[78.31598,27.09403],[78.31307,27.05153],[78.36415,27.07924],[78.42854,27.04656],[78.45189,26.98398],[78.48266,26.99382],[78.48717,26.96604],[78.51628,26.95725],[78.52387,26.92109],[78.54497,26.92799],[78.51969,26.97577],[78.57328,26.96317],[78.60113,26.91978],[78.60179,26.94882],[78.62327,26.94201],[78.61949,26.91903],[78.64499,26.87922],[78.67354,26.87828],[78.6764,26.91673],[78.70746,26.91545],[78.71902,26.89822],[78.74186,26.91832],[78.74332,26.88977],[78.76356,26.90748],[78.78306,26.86487],[78.81063,26.86849],[78.84705,26.79858],[78.79382,26.79748],[78.7794,26.75839],[78.74978,26.7867],[78.72707,26.77589],[78.72406,26.79439],[78.68604,26.78656],[78.66765,26.76342],[78.62906,26.76939],[78.61503,26.75171],[78.58377,26.75018],[78.45928,26.79223],[78.43441,26.82649],[78.39822,26.81907],[78.35989,26.86854],[78.29054,26.85827],[78.26401,26.81448],[78.21817,26.83028],[78.19858,26.87765],[78.235,26.8768],[78.26974,26.92593],[78.24123,26.92785],[78.22442,26.94811],[78.21372,26.93306],[78.14251,26.95118],[78.11647,26.94418],[78.10983,26.89918],[78.05057,26.90962],[78.05609,26.86901],[78.03027,26.85508],[78.0362,26.87035],[78.01495,26.90486],[77.95019,26.89401],[77.90816,26.91878],[77.89828,26.88369],[77.82948,26.92045],[77.76148,26.93199],[77.72694,26.91069],[77.72383,26.87562],[77.68631,26.87262],[77.61234,26.82713],[77.60802,26.83683],[77.52844,26.81637],[77.50573,26.84231],[77.48865,26.78219],[77.501,26.76137],[77.4559,26.74115],[77.47194,26.76395],[77.45858,26.77506],[77.43619,26.76451],[77.44689,26.81355],[77.42516,26.8372],[77.43018,26.86142],[77.65699,26.9681],[77.67336,26.96121],[77.75588,26.99275],[77.76323,27.017],[77.74375,27.02799],[77.73046,26.9946],[77.7117,26.99457],[77.68151,27.04583],[77.66514,27.01701],[77.63549,27.0098],[77.59199,27.03362],[77.56547,27.03122],[77.57379,27.07232],[77.52943,27.06154],[77.52548,27.08382],[77.50647,27.08952],[77.59898,27.11737],[77.61339,27.16275],[77.67374,27.1804],[77.68136,27.19461],[77.64788,27.21153],[77.64754,27.24139],[77.70152,27.25179],[77.78358,27.23378],[77.79312,27.25566],[77.84787,27.29022],[77.87236,27.24847],[77.88525,27.26737],[77.86778,27.28562],[77.88288,27.29545],[77.91045,27.28709],[77.90944,27.24143],[77.93479,27.23422],[77.93335,27.26698],[77.95776,27.29319],[77.96303,27.26621],[77.99036,27.28376],[77.98414,27.32531],[78.01343,27.32118],[78.04708,27.34742],[78.07248,27.33506],[78.08795,27.35289],[78.05189,27.36899],[78.06106,27.38151],[78.08211,27.39196],[78.13667,27.36477],[78.1739,27.38754],[78.17773,27.40771],[78.19144,27.40206],[78.19803,27.4028]]]}},{"type":"Feature","properties":{"DISTRICT":"Aligarh","ST_NM":"Uttar Pradesh","ST_CEN_CD":9,"DT_CEN_CD":12,"censuscode":143},"geometry":{"type":"Polygon","coordinates":[[[78.48602,28.12402],[78.55006,28.06312],[78.59368,28.07991],[78.62059,28.03883],[78.5686,27.92633],[78.53286,27.90904],[78.49482,27.85745],[78.51427,27.84037],[78.50931,27.80023],[78.47875,27.8076],[78.46595,27.82746],[78.3756,27.74445],[78.33341,27.73409],[78.25967,27.67653],[78.20423,27.73018],[78.21803,27.76094],[78.08842,27.76898],[78.06171,27.78684],[78.02395,27.7715],[78.01527,27.75238],[78.02566,27.73496],[78.01039,27.72788],[78.01811,27.677],[77.99623,27.63189],[78.00004,27.60034],[77.98442,27.60979],[77.96713,27.59459],[77.95469,27.61124],[77.8721,27.57534],[77.85092,27.65325],[77.79305,27.68852],[77.80178,27.74314],[77.83479,27.7551],[77.81605,27.81311],[77.78377,27.83969],[77.80905,27.86064],[77.7716,27.8691],[77.76527,27.9007],[77.73727,27.92994],[77.67868,27.9416],[77.65592,27.96395],[77.62253,27.93296],[77.58973,27.93441],[77.55994,27.91193],[77.53287,27.92076],[77.54521,27.95984],[77.51886,27.96763],[77.54454,27.98762],[77.48846,28.03848],[77.47942,28.07807],[77.57255,28.07936],[77.60865,28.10838],[77.6442,28.09377],[77.65829,28.11195],[77.69717,28.07891],[77.71747,28.07952],[77.73687,28.08847],[77.74716,28.14248],[77.76593,28.151],[77.77692,28.12695],[77.84545,28.17162],[77.84453,28.13311],[77.92814,28.09623],[77.93923,28.07664],[78.00008,28.07329],[78.05001,28.12952],[78.10311,28.12301],[78.10193,28.10749],[78.12386,28.11432],[78.14335,28.09423],[78.13961,28.07444],[78.15993,28.06909],[78.22084,28.10849],[78.23405,28.09846],[78.25309,28.11407],[78.30672,28.11811],[78.3593,28.15178],[78.386,28.1397],[78.38933,28.10333],[78.40298,28.11447],[78.42879,28.09382],[78.47384,28.11048],[78.48602,28.12402]]]}},{"type":"Feature","properties":{"DISTRICT":"Allahabad","ST_NM":"Uttar Pradesh","ST_CEN_CD":9,"DT_CEN_CD":44,"censuscode":175},"geometry":{"type":"Polygon","coordinates":[[[81.94597,25.74001],[82.02284,25.74195],[82.04,25.72331],[82.01115,25.6981],[82.06736,25.67899],[82.06154,25.65921],[82.11066,25.65406],[82.12425,25.68105],[82.15614,25.68238],[82.14488,25.65226],[82.12099,25.64341],[82.15437,25.60085],[82.20282,25.57451],[82.21948,25.58915],[82.25232,25.5795],[82.24551,25.56718],[82.28962,25.54392],[82.32603,25.54328],[82.33946,25.51237],[82.32918,25.49834],[82.3026,25.52124],[82.31698,25.50092],[82.284,25.49133],[82.30992,25.48384],[82.31064,25.46114],[82.35332,25.41877],[82.31489,25.39172],[82.31659,25.3338],[82.25258,25.27388],[82.22242,25.27555],[82.19474,25.21619],[82.21119,25.18582],[82.26899,25.18213],[82.2707,25.1616],[82.30177,25.15646],[82.30442,25.10941],[82.32801,25.0769],[82.29716,25.05295],[82.30783,25.02451],[82.26815,24.96934],[82.24181,24.96346],[82.23033,24.93565],[82.21126,24.93835],[82.16901,24.89053],[82.14458,24.90496],[82.13105,24.87184],[82.11191,24.87547],[82.10184,24.85319],[82.12009,24.84695],[82.08427,24.83269],[82.10826,24.8073],[82.01315,24.84791],[81.9674,24.82782],[81.95094,24.83919],[81.93665,24.8702],[81.90473,24.88961],[81.92035,24.92799],[81.89978,25.01044],[81.89449,24.9898],[81.83774,25.01624],[81.79757,25.00703],[81.74076,25.04552],[81.69026,25.04055],[81.66707,25.07645],[81.61272,25.05744],[81.60217,25.07647],[81.64035,25.09995],[81.62516,25.11927],[81.60962,25.09686],[81.59942,25.11962],[81.62606,25.14287],[81.62191,25.16712],[81.59021,25.16484],[81.59646,25.18035],[81.57485,25.19229],[81.52099,25.19385],[81.52602,25.23458],[81.56443,25.23875],[81.55021,25.29027],[81.62403,25.34595],[81.71843,25.35257],[81.79515,25.31884],[81.81645,25.34197],[81.79541,25.37351],[81.82335,25.41144],[81.80124,25.47083],[81.76016,25.47692],[81.72411,25.51138],[81.66693,25.51348],[81.6489,25.57856],[81.61436,25.59285],[81.60729,25.6128],[81.62226,25.64221],[81.60428,25.64859],[81.60907,25.66728],[81.64287,25.66197],[81.63602,25.63441],[81.65971,25.61195],[81.68513,25.631],[81.72719,25.62487],[81.7227,25.65991],[81.6972,25.66704],[81.75088,25.66852],[81.75791,25.73574],[81.80596,25.74875],[81.82755,25.74179],[81.82516,25.72531],[81.8467,25.73115],[81.88998,25.71087],[81.91759,25.71388],[81.93189,25.7514],[81.94243,25.7421],[81.94597,25.74001]]]}},{"type":"Feature","properties":{"DISTRICT":"Ambedkar Nagar","ST_NM":"Uttar Pradesh","ST_CEN_CD":9,"DT_CEN_CD":47,"censuscode":178},"geometry":{"type":"Polygon","coordinates":[[[82.88186,26.54006],[83.01873,26.47843],[83.08701,26.39047],[83.13498,26.38484],[83.115,26.3559],[83.11113,26.28435],[83.06978,26.28119],[83.03998,26.29936],[83.0261,26.33657],[82.97384,26.34481],[82.9746,26.37889],[82.93537,26.38335],[82.93591,26.39836],[82.9589,26.40506],[82.9671,26.44241],[82.94976,26.45007],[82.94297,26.42713],[82.91008,26.44202],[82.92004,26.39413],[82.8848,26.38304],[82.8734,26.35868],[82.8971,26.34658],[82.88225,26.32333],[82.8645,26.32484],[82.88662,26.25173],[82.85959,26.20594],[82.8909,26.18451],[82.8658,26.16057],[82.78034,26.19432],[82.74956,26.22868],[82.75338,26.26432],[82.73533,26.24749],[82.69301,26.26915],[82.63828,26.24562],[82.60763,26.26439],[82.58156,26.25686],[82.55284,26.28389],[82.51552,26.29122],[82.47682,26.27764],[82.40271,26.32661],[82.38228,26.37835],[82.319,26.37888],[82.30219,26.40269],[82.28214,26.38846],[82.22097,26.40739],[82.25598,26.4208],[82.31701,26.50665],[82.33906,26.57669],[82.37928,26.57259],[82.37128,26.55487],[82.39662,26.54298],[82.41755,26.55683],[82.43074,26.54623],[82.45984,26.56987],[82.46816,26.58234],[82.45183,26.59492],[82.47735,26.60767],[82.47852,26.65226],[82.57951,26.60407],[82.66496,26.60465],[82.71357,26.5551],[82.8144,26.57429],[82.87774,26.53825],[82.88186,26.54006]],[[82.8982,26.43284],[82.867,26.43069],[82.86785,26.41504],[82.88327,26.40693],[82.89612,26.42704],[82.8982,26.43284]]]}},{"type":"Feature","properties":{"DISTRICT":"Auraiya","ST_NM":"Uttar Pradesh","ST_CEN_CD":9,"DT_CEN_CD":31,"censuscode":162},"geometry":{"type":"Polygon","coordinates":[[[79.75916,26.78332],[79.72141,26.75098],[79.67669,26.74285],[79.71671,26.70508],[79.72129,26.66109],[79.67456,26.61445],[79.63802,26.60022],[79.64981,26.57037],[79.63091,26.54426],[79.63941,26.508],[79.6181,26.50767],[79.62355,26.49231],[79.57267,26.44913],[79.56268,26.40948],[79.50941,26.36476],[79.4743,26.43111],[79.34168,26.40138],[79.29268,26.44241],[79.22813,26.43452],[79.27997,26.46456],[79.28845,26.48226],[79.2767,26.4995],[79.31553,26.52184],[79.26844,26.51482],[79.25932,26.53556],[79.2324,26.53957],[79.25924,26.61888],[79.31595,26.65187],[79.29702,26.68857],[79.34159,26.74053],[79.32593,26.79609],[79.33733,26.81067],[79.33741,26.93829],[79.36394,26.9463],[79.39392,26.92638],[79.43865,26.941],[79.46011,26.9031],[79.56055,26.86066],[79.58541,26.86259],[79.60255,26.88931],[79.65249,26.89322],[79.6653,26.86516],[79.70775,26.83524],[79.71627,26.80649],[79.74341,26.80986],[79.75734,26.78587],[79.75916,26.78332]]]}},{"type":"Feature","properties":{"DISTRICT":"Azamgarh","ST_NM":"Uttar Pradesh","ST_CEN_CD":9,"DT_CEN_CD":60,"censuscode":191},"geometry":{"type":"MultiPolygon","coordinates":[[[[82.95981,26.4298],[82.9589,26.40506],[82.93591,26.39836],[82.93537,26.38335],[82.9746,26.37889],[82.97384,26.34481],[83.0261,26.33657],[83.03998,26.29936],[83.06978,26.28119],[83.11113,26.28435],[83.115,26.3559],[83.13498,26.38484],[83.18487,26.39758],[83.33729,26.34999],[83.41841,26.27403],[83.50803,26.27714],[83.46642,26.25347],[83.40994,26.16765],[83.42279,26.10967],[83.3848,26.08454],[83.38724,26.04791],[83.32642,26.0319],[83.34458,25.99341],[83.32425,25.94881],[83.33246,25.93305],[83.37526,25.92173],[83.32169,25.88737],[83.31148,25.85375],[83.35542,25.82044],[83.32543,25.81294],[83.30597,25.75567],[83.26873,25.77623],[83.22149,25.75943],[83.1958,25.77736],[83.19137,25.76558],[83.21777,25.7596],[83.21501,25.73189],[83.24207,25.70596],[83.19448,25.70023],[83.18525,25.67278],[83.15113,25.65727],[83.14858,25.63634],[83.12113,25.65353],[83.0672,25.65146],[83.07815,25.68142],[83.00858,25.71255],[82.98583,25.67934],[82.92554,25.73023],[82.93083,25.75595],[82.89917,25.7727],[82.83548,25.76612],[82.78669,25.82512],[82.76155,25.83293],[82.77364,25.89437],[82.72776,25.9893],[82.73304,26.02485],[82.70898,26.0239],[82.72162,26.04202],[82.70165,26.04024],[82.71508,26.05198],[82.70138,26.06752],[82.70726,26.09387],[82.68082,26.1066],[82.66874,26.14062],[82.69419,26.15514],[82.67432,26.23136],[82.69301,26.26915],[82.73533,26.24749],[82.75628,26.26295],[82.74956,26.22868],[82.78034,26.19432],[82.8658,26.16057],[82.8835,26.16877],[82.88831,26.18921],[82.85959,26.20594],[82.88662,26.25173],[82.8645,26.32484],[82.88225,26.32333],[82.8971,26.34658],[82.8734,26.35868],[82.8848,26.38304],[82.92004,26.39413],[82.91008,26.44202],[82.94297,26.42713],[82.94976,26.45007],[82.9671,26.44241],[82.95981,26.4298]]],[[[82.8982,26.43284],[82.89284,26.41178],[82.87293,26.4071],[82.867,26.43069],[82.88642,26.43732],[82.8982,26.43284]]]]}},{"type":"Feature","properties":{"DISTRICT":"Baghpat","ST_NM":"Uttar Pradesh","ST_CEN_CD":9,"DT_CEN_CD":8,"censuscode":139},"geometry":{"type":"Polygon","coordinates":[[[77.50747,29.19014],[77.47704,29.18309],[77.48016,29.14346],[77.44695,29.12108],[77.43227,29.08608],[77.4596,29.0672],[77.45016,29.0318],[77.47717,28.9605],[77.468,28.92534],[77.44692,28.92504],[77.40901,28.87505],[77.41958,28.84368],[77.39811,28.82829],[77.4126,28.78177],[77.36977,28.78543],[77.35385,28.80426],[77.3076,28.79117],[77.28735,28.83349],[77.22764,28.82995],[77.18841,28.88028],[77.23162,28.89881],[77.20721,28.91564],[77.21583,28.93117],[77.20063,28.95039],[77.22463,29.00141],[77.13272,29.1006],[77.14931,29.12961],[77.13609,29.21975],[77.1537,29.23266],[77.14044,29.26769],[77.15331,29.29641],[77.19931,29.27552],[77.25413,29.27856],[77.35523,29.23926],[77.41067,29.24506],[77.49723,29.19809],[77.50747,29.19014]]]}},{"type":"Feature","properties":{"DISTRICT":"Bahraich","ST_NM":"Uttar Pradesh","ST_CEN_CD":9,"DT_CEN_CD":49,"censuscode":180},"geometry":{"type":"Polygon","coordinates":[[[81.74952,27.94787],[81.69917,27.92899],[81.66894,27.87964],[81.62363,27.84411],[81.64008,27.82217],[81.63229,27.78754],[81.6553,27.75451],[81.64895,27.73519],[81.69073,27.71758],[81.67491,27.68468],[81.68436,27.63525],[81.64509,27.62161],[81.68287,27.60881],[81.67862,27.58378],[81.70744,27.54957],[81.7244,27.56886],[81.76963,27.55201],[81.76231,27.52241],[81.70825,27.49572],[81.67071,27.43787],[81.71336,27.40229],[81.73146,27.32999],[81.68057,27.31428],[81.70771,27.29368],[81.7052,27.27064],[81.66613,27.23472],[81.66706,27.20031],[81.63937,27.18214],[81.63249,27.13764],[81.60799,27.14136],[81.58908,27.11258],[81.56998,27.12346],[81.5438,27.0954],[81.5451,27.07349],[81.51642,27.08284],[81.50736,27.05904],[81.48073,27.07006],[81.47943,27.10173],[81.44823,27.13379],[81.44271,27.1751],[81.46194,27.1899],[81.44159,27.21861],[81.44402,27.30889],[81.41231,27.33656],[81.41136,27.37125],[81.35106,27.42737],[81.32091,27.50175],[81.32695,27.52931],[81.30361,27.53731],[81.32502,27.55179],[81.32049,27.59492],[81.30436,27.60582],[81.32046,27.65002],[81.29512,27.69822],[81.30609,27.7179],[81.2808,27.80564],[81.3083,27.82049],[81.27913,27.88401],[81.30675,27.90735],[81.167,28.04467],[81.1587,28.06785],[81.18658,28.11631],[81.06883,28.23534],[81.06203,28.27056],[81.0361,28.28933],[81.06152,28.34276],[81.04003,28.37922],[81.05821,28.40383],[81.10335,28.37775],[81.21568,28.35748],[81.23564,28.33002],[81.24042,28.28094],[81.32042,28.20182],[81.32736,28.17094],[81.30728,28.16407],[81.3287,28.15694],[81.31959,28.13538],[81.37945,28.14528],[81.38133,28.17313],[81.42917,28.17103],[81.48415,28.11401],[81.48189,28.08117],[81.63287,28.00273],[81.70033,27.98877],[81.74681,27.94982],[81.74952,27.94787]]]}},{"type":"Feature","properties":{"DISTRICT":"Ballia","ST_NM":"Uttar Pradesh","ST_CEN_CD":9,"DT_CEN_CD":62,"censuscode":193},"geometry":{"type":"Polygon","coordinates":[[[84.05788,26.0974],[84.09984,26.09427],[84.12482,26.07265],[84.176,26.02333],[84.17493,25.98938],[84.2105,25.99846],[84.30493,25.94501],[84.35998,25.95738],[84.41683,25.92947],[84.43181,25.89058],[84.53708,25.876],[84.54898,25.86041],[84.52843,25.85941],[84.53539,25.83263],[84.56494,25.83583],[84.62857,25.7925],[84.62907,25.7708],[84.60886,25.75906],[84.63887,25.72681],[84.56393,25.73482],[84.5606,25.68248],[84.53969,25.69125],[84.54418,25.72489],[84.53288,25.68278],[84.49669,25.67626],[84.49765,25.68949],[84.47483,25.68388],[84.45711,25.71283],[84.43253,25.71004],[84.43195,25.69342],[84.41025,25.69781],[84.38842,25.74695],[84.37792,25.73427],[84.33972,25.7428],[84.32695,25.67022],[84.29197,25.67539],[84.29395,25.6598],[84.21133,25.66782],[84.20276,25.70156],[84.15672,25.72906],[84.13502,25.71661],[84.1436,25.72972],[84.07812,25.69367],[84.08494,25.63565],[83.92942,25.55979],[83.946,25.59016],[83.92358,25.63612],[83.96391,25.68824],[83.93657,25.70932],[83.96153,25.72612],[83.955,25.74752],[83.93023,25.76669],[83.91535,25.74784],[83.90892,25.76425],[83.8837,25.76297],[83.85787,25.79633],[83.81305,25.7729],[83.82005,25.78517],[83.80087,25.81185],[83.75946,25.82834],[83.74808,25.85586],[83.73022,25.84875],[83.79852,25.92264],[83.78372,25.94813],[83.79759,25.9865],[83.77756,25.97779],[83.77446,26.00154],[83.68936,26.00949],[83.67745,26.02344],[83.68266,26.07532],[83.71462,26.09505],[83.73754,26.08313],[83.79544,26.10776],[83.80772,26.13922],[83.78133,26.16045],[83.81117,26.19066],[83.86361,26.18502],[83.908,26.1229],[83.96417,26.1317],[84.05594,26.09079],[84.05788,26.0974]]]}},{"type":"Feature","properties":{"DISTRICT":"Balrampur","ST_NM":"Uttar Pradesh","ST_CEN_CD":9,"DT_CEN_CD":51,"censuscode":182},"geometry":{"type":"MultiPolygon","coordinates":[[[[82.2767,27.79503],[82.45857,27.67618],[82.71377,27.72832],[82.71609,27.6621],[82.74416,27.63155],[82.73783,27.61224],[82.755,27.58325],[82.74115,27.54867],[82.74893,27.52098],[82.72104,27.46638],[82.76668,27.41511],[82.73991,27.41872],[82.7211,27.40259],[82.70823,27.42351],[82.70949,27.41101],[82.69931,27.4206],[82.70037,27.40931],[82.65584,27.40475],[82.67062,27.41791],[82.62784,27.40485],[82.62023,27.41935],[82.57855,27.4262],[82.54305,27.3722],[82.50065,27.36627],[82.49217,27.33598],[82.47164,27.32721],[82.5146,27.31799],[82.48639,27.30624],[82.48985,27.29543],[82.51662,27.30677],[82.49173,27.28152],[82.51218,27.28028],[82.50552,27.26025],[82.52722,27.25499],[82.49899,27.24038],[82.5237,27.23503],[82.51362,27.21392],[82.55577,27.21841],[82.54729,27.20424],[82.56967,27.18656],[82.5199,27.17607],[82.48388,27.20425],[82.46127,27.19289],[82.43969,27.17344],[82.45413,27.15303],[82.47971,27.15606],[82.47387,27.12053],[82.44269,27.12883],[82.41182,27.07811],[82.38346,27.08792],[82.35736,27.05466],[82.33887,27.05384],[82.2584,27.15097],[82.21733,27.17886],[82.23888,27.22286],[82.25957,27.22422],[82.28769,27.199],[82.31477,27.21772],[82.27921,27.27522],[82.11632,27.36995],[82.07743,27.4106],[82.08557,27.42329],[82.05607,27.4505],[82.06095,27.49796],[82.04555,27.53413],[82.05587,27.53862],[82.0438,27.54429],[82.05597,27.55365],[82.03399,27.55248],[82.02457,27.58294],[82.08769,27.63867],[82.09464,27.67035],[82.13485,27.71215],[82.12463,27.7372],[82.16671,27.79114],[82.20139,27.8067],[82.20926,27.84409],[82.27103,27.79999],[82.2767,27.79503]]]]}},{"type":"Feature","properties":{"DISTRICT":"Banda","ST_NM":"Uttar Pradesh","ST_CEN_CD":9,"DT_CEN_CD":39,"censuscode":170},"geometry":{"type":"MultiPolygon","coordinates":[[[[80.54884,25.84395],[80.47135,25.83068],[80.46531,25.81822],[80.52333,25.77675],[80.58017,25.78007],[80.55574,25.73464],[80.59126,25.71027],[80.743,25.68067],[80.79645,25.69578],[80.83586,25.72744],[80.86285,25.67584],[80.94323,25.68526],[80.95879,25.608],[81.03055,25.63276],[81.03383,25.59224],[81.00003,25.5711],[81.02218,25.54425],[81.00828,25.53443],[81.0268,25.50384],[80.98328,25.46289],[80.94369,25.4693],[80.93071,25.44214],[80.90718,25.44108],[80.83369,25.34844],[80.75899,25.32415],[80.75797,25.30473],[80.81188,25.26276],[80.80367,25.2455],[80.78292,25.26208],[80.75147,25.25128],[80.75185,25.22891],[80.79782,25.21644],[80.75343,25.1873],[80.72025,25.18939],[80.71596,25.16391],[80.69346,25.15435],[80.68868,25.13062],[80.71193,25.09268],[80.70157,25.08389],[80.72258,25.0638],[80.68171,25.0502],[80.68743,25.07783],[80.66446,25.07044],[80.64339,25.09352],[80.62819,25.08555],[80.60951,25.10035],[80.64056,25.11922],[80.60278,25.15113],[80.60962,25.11873],[80.59594,25.10502],[80.61491,25.06815],[80.57057,25.08737],[80.55154,25.06359],[80.51762,25.09691],[80.48258,25.09769],[80.50809,25.08545],[80.50227,25.04125],[80.54848,25.03175],[80.5503,25.00265],[80.52147,25.00871],[80.48132,24.97628],[80.46032,24.98261],[80.46625,25.0001],[80.43364,25.02656],[80.45435,25.04119],[80.50174,25.03752],[80.47824,25.04059],[80.44879,25.07792],[80.37379,25.05358],[80.3954,25.00831],[80.36685,25.02193],[80.32209,24.99936],[80.27525,25.0274],[80.28956,25.05582],[80.3114,25.0431],[80.35307,25.05437],[80.35005,25.08926],[80.37688,25.11114],[80.3556,25.12577],[80.35938,25.14064],[80.4307,25.16798],[80.40723,25.23866],[80.3862,25.2332],[80.34915,25.27422],[80.3122,25.28448],[80.31899,25.38284],[80.28199,25.42051],[80.26413,25.42417],[80.25343,25.40036],[80.20216,25.41166],[80.19609,25.37911],[80.16735,25.37309],[80.13144,25.33389],[80.10422,25.34701],[80.14158,25.38373],[80.13445,25.39803],[80.15017,25.39763],[80.12184,25.41462],[80.13942,25.45634],[80.19071,25.44204],[80.20589,25.48359],[80.22427,25.47056],[80.21118,25.49297],[80.22013,25.5252],[80.20644,25.52687],[80.21452,25.55418],[80.25264,25.58733],[80.27752,25.58088],[80.29064,25.6071],[80.27628,25.61999],[80.31732,25.64498],[80.3041,25.69319],[80.32092,25.70864],[80.35113,25.70506],[80.30505,25.76112],[80.23403,25.80103],[80.29461,25.81744],[80.29508,25.8399],[80.33164,25.84558],[80.35007,25.86588],[80.35021,25.89874],[80.38942,25.91062],[80.55314,25.86862],[80.552,25.84893],[80.54884,25.84395]],[[80.4801,25.07011],[80.48756,25.05625],[80.48197,25.07208],[80.4801,25.07011]]],[[[80.44802,24.99631],[80.43848,25.00165],[80.45118,25.00023],[80.44802,24.99631]]]]}},{"type":"Feature","properties":{"DISTRICT":"Bara Banki","ST_NM":"Uttar Pradesh","ST_CEN_CD":9,"DT_CEN_CD":45,"censuscode":176},"geometry":{"type":"Polygon","coordinates":[[[81.71921,26.92009],[81.7027,26.88039],[81.63679,26.88256],[81.61574,26.86899],[81.58128,26.75008],[81.5818,26.70375],[81.60564,26.67647],[81.57394,26.67976],[81.54361,26.65246],[81.56073,26.64132],[81.55819,26.61247],[81.57517,26.60942],[81.54513,26.57248],[81.55245,26.55966],[81.53607,26.54101],[81.54967,26.52467],[81.51266,26.52716],[81.51605,26.54688],[81.49012,26.53871],[81.46195,26.57077],[81.41654,26.56442],[81.38328,26.58695],[81.35718,26.54588],[81.30239,26.54235],[81.28261,26.56981],[81.21973,26.59814],[81.18518,26.60474],[81.166,26.59254],[81.18387,26.61868],[81.16729,26.6432],[81.219,26.70605],[81.18863,26.76147],[81.21658,26.78228],[81.19371,26.7916],[81.1641,26.77316],[81.17084,26.80735],[81.14109,26.81443],[81.13054,26.83432],[81.09396,26.83779],[81.09578,26.91454],[81.07545,26.90849],[81.04334,26.93869],[81.06546,26.96765],[81.02554,26.97238],[81.0305,26.98533],[80.99634,27.00829],[81.001,27.03795],[80.97846,27.03535],[80.97276,27.05557],[80.99302,27.0735],[81.01743,27.06489],[81.05608,27.08528],[81.02302,27.10303],[81.01214,27.14055],[80.94932,27.14254],[80.92931,27.15897],[80.92722,27.18985],[80.96607,27.21674],[80.97047,27.24001],[81.08631,27.22806],[81.09175,27.26571],[81.11768,27.27459],[81.1496,27.25857],[81.17002,27.26859],[81.18824,27.24181],[81.21142,27.238],[81.22444,27.27219],[81.24205,27.26864],[81.24063,27.30896],[81.22665,27.32105],[81.25466,27.3183],[81.2568,27.3367],[81.27607,27.33124],[81.29384,27.35691],[81.31783,27.32116],[81.32078,27.27344],[81.33752,27.27394],[81.34721,27.25422],[81.38424,27.27614],[81.37276,27.28496],[81.39502,27.30992],[81.38233,27.32036],[81.40218,27.32657],[81.39497,27.34317],[81.44402,27.30889],[81.44159,27.21861],[81.46194,27.1899],[81.44271,27.1751],[81.44481,27.15337],[81.45224,27.1218],[81.47943,27.10173],[81.48073,27.07006],[81.57347,27.0465],[81.56267,27.0292],[81.5783,27.01209],[81.6404,27.01382],[81.65463,27.00444],[81.65809,26.96221],[81.73171,26.95336],[81.71772,26.92033],[81.71921,26.92009]]]}},{"type":"Feature","properties":{"DISTRICT":"Bareilly","ST_NM":"Uttar Pradesh","ST_CEN_CD":9,"DT_CEN_CD":19,"censuscode":150},"geometry":{"type":"Polygon","coordinates":[[[79.64254,28.85276],[79.67263,28.74346],[79.62941,28.70902],[79.59972,28.61595],[79.61253,28.59276],[79.64564,28.60301],[79.65348,28.58477],[79.67553,28.58272],[79.66291,28.55455],[79.69256,28.55584],[79.69035,28.52307],[79.7175,28.53105],[79.74728,28.50737],[79.74437,28.46593],[79.75742,28.45032],[79.74039,28.44245],[79.72782,28.4602],[79.72305,28.41301],[79.70495,28.41807],[79.67187,28.39127],[79.70288,28.37251],[79.67325,28.31694],[79.71365,28.26773],[79.67892,28.26329],[79.67202,28.22105],[79.64122,28.20676],[79.62134,28.14908],[79.638,28.12195],[79.63144,28.08606],[79.5862,28.09074],[79.50687,28.04446],[79.49751,28.02046],[79.48119,28.04478],[79.50076,28.0698],[79.49891,28.10769],[79.42392,28.171],[79.37692,28.1746],[79.33489,28.15283],[79.31442,28.17675],[79.2711,28.16144],[79.2353,28.18439],[79.20911,28.18856],[79.18791,28.17264],[79.12922,28.18905],[79.11701,28.20615],[79.12496,28.22802],[79.09524,28.24696],[79.10188,28.27888],[79.09364,28.31061],[79.07042,28.32654],[79.07658,28.35359],[79.00011,28.38477],[79.0001,28.43148],[79.05597,28.44879],[79.05118,28.46519],[79.07827,28.46419],[79.07848,28.483],[79.14042,28.48987],[79.16266,28.53613],[79.20873,28.5794],[79.22191,28.57246],[79.24198,28.60338],[79.2373,28.63719],[79.27678,28.66702],[79.30157,28.71591],[79.36497,28.73984],[79.36101,28.76707],[79.39174,28.76061],[79.37252,28.81684],[79.40478,28.81958],[79.40702,28.83706],[79.38721,28.84174],[79.40962,28.8492],[79.38424,28.87455],[79.40738,28.87933],[79.4356,28.84913],[79.51899,28.85719],[79.55049,28.8863],[79.56576,28.87242],[79.56267,28.83978],[79.60405,28.86044],[79.63578,28.85659],[79.64254,28.85276]]]}},{"type":"Feature","properties":{"DISTRICT":"Basti","ST_NM":"Uttar Pradesh","ST_CEN_CD":9,"DT_CEN_CD":54,"censuscode":185},"geometry":{"type":"Polygon","coordinates":[[[82.90483,27.02114],[82.89287,26.9904],[82.91333,26.97134],[82.90694,26.93927],[82.92631,26.92914],[82.86018,26.93544],[82.86943,26.92277],[82.84854,26.91055],[82.86717,26.8818],[82.83661,26.84962],[82.8891,26.79137],[82.93162,26.79132],[82.9345,26.76073],[82.97961,26.73137],[82.96993,26.71629],[82.98309,26.69663],[82.97897,26.6522],[82.96119,26.64904],[82.94034,26.67671],[82.91276,26.64406],[82.92579,26.61898],[82.90154,26.61897],[82.87774,26.53825],[82.8144,26.57429],[82.71357,26.5551],[82.66496,26.60465],[82.57951,26.60407],[82.47163,26.65767],[82.40417,26.64801],[82.31474,26.72493],[82.24119,26.74789],[82.22344,26.77777],[82.22497,26.80731],[82.2563,26.81473],[82.23273,26.8682],[82.25123,26.90061],[82.23987,26.92749],[82.29145,26.94648],[82.31676,26.97697],[82.35984,26.93131],[82.39875,26.94673],[82.4807,26.90434],[82.51441,26.94909],[82.56346,26.96507],[82.56447,26.98845],[82.61475,27.00122],[82.57222,27.02094],[82.55873,27.05716],[82.56796,27.1045],[82.6175,27.09596],[82.63795,27.12578],[82.70796,27.104],[82.74688,27.10792],[82.88995,27.02999],[82.90483,27.02114]]]}},{"type":"Feature","properties":{"DISTRICT":"Bijnor","ST_NM":"Uttar Pradesh","ST_CEN_CD":9,"DT_CEN_CD":3,"censuscode":134},"geometry":{"type":"Polygon","coordinates":[[[78.90836,29.45018],[78.9353,29.45018],[78.91275,29.4407],[78.88243,29.38637],[78.84101,29.36219],[78.82117,29.3769],[78.80093,29.32329],[78.79459,29.34046],[78.76952,29.34378],[78.72618,29.31336],[78.77886,29.27992],[78.69667,29.25641],[78.67915,29.20881],[78.69982,29.21778],[78.70254,29.20715],[78.63862,29.16125],[78.66434,29.14379],[78.62126,29.11528],[78.61654,29.09174],[78.53527,29.07998],[78.50565,29.0543],[78.46875,29.06625],[78.40944,29.03169],[78.36691,29.02935],[78.34114,29.04884],[78.24018,29.04055],[78.1837,29.06226],[78.16037,29.05398],[78.14776,29.07748],[78.10592,29.08345],[78.11178,29.14807],[78.14267,29.18],[78.12601,29.2176],[78.13701,29.26036],[78.10984,29.32371],[78.05105,29.37727],[78.06423,29.40838],[78.00002,29.47557],[77.99437,29.52367],[78.00616,29.54949],[78.04891,29.54699],[78.05602,29.58745],[78.09419,29.59616],[78.15143,29.67045],[78.17823,29.67388],[78.20591,29.7044],[78.23365,29.71195],[78.24378,29.69841],[78.34433,29.79049],[78.50016,29.7356],[78.53979,29.61854],[78.61762,29.55592],[78.70569,29.50296],[78.90247,29.45156],[78.90836,29.45018]]]}},{"type":"Feature","properties":{"DISTRICT":"Budaun","ST_NM":"Uttar Pradesh","ST_CEN_CD":9,"DT_CEN_CD":18,"censuscode":149},"geometry":{"type":"Polygon","coordinates":[[[78.92037,28.47943],[78.93674,28.43793],[78.97758,28.42039],[79.00011,28.38477],[79.07658,28.35359],[79.07042,28.32654],[79.09364,28.31061],[79.10188,28.27888],[79.09524,28.24696],[79.12496,28.22802],[79.11701,28.20615],[79.12922,28.18905],[79.18791,28.17264],[79.20911,28.18856],[79.2353,28.18439],[79.2711,28.16144],[79.31442,28.17675],[79.33489,28.15283],[79.37692,28.1746],[79.42392,28.171],[79.49891,28.10769],[79.50076,28.0698],[79.48119,28.04478],[79.50131,28.01672],[79.46942,27.96709],[79.49038,27.94245],[79.46064,27.89599],[79.48651,27.84258],[79.40727,27.8415],[79.40241,27.8234],[79.37498,27.81698],[79.35023,27.76297],[79.35905,27.73745],[79.33146,27.72794],[79.35236,27.65157],[79.29779,27.6825],[79.30134,27.66777],[79.25997,27.68378],[79.2369,27.70739],[79.22802,27.69589],[79.20928,27.70697],[79.21179,27.7393],[79.17307,27.77241],[79.16027,27.82234],[79.14295,27.81628],[79.12737,27.84528],[79.09932,27.83116],[79.00292,27.83997],[79.01641,27.85792],[78.98724,27.87309],[78.96515,27.85067],[78.92093,27.85103],[78.92318,27.87543],[78.88942,27.91678],[78.85959,27.91533],[78.81782,27.95217],[78.72774,27.96106],[78.68022,28.00067],[78.67153,28.03495],[78.62059,28.03883],[78.59368,28.07991],[78.55006,28.06312],[78.5098,28.0877],[78.5003,28.11638],[78.41087,28.1966],[78.37464,28.26242],[78.32212,28.28913],[78.28422,28.37189],[78.31022,28.43434],[78.34708,28.43463],[78.39263,28.47183],[78.41929,28.45833],[78.44375,28.46663],[78.45768,28.43631],[78.49446,28.41495],[78.49363,28.38032],[78.52549,28.35784],[78.63876,28.33317],[78.68031,28.34601],[78.70704,28.37681],[78.75507,28.37642],[78.7627,28.41032],[78.78747,28.40416],[78.80539,28.44982],[78.8458,28.45536],[78.87077,28.48088],[78.91054,28.47431],[78.92037,28.47943]]]}},{"type":"Feature","properties":{"DISTRICT":"Bulandshahr","ST_NM":"Uttar Pradesh","ST_CEN_CD":9,"DT_CEN_CD":11,"censuscode":142},"geometry":{"type":"Polygon","coordinates":[[[77.97878,28.70805],[78.09255,28.63386],[78.20941,28.61525],[78.22985,28.57314],[78.21609,28.54968],[78.21993,28.49993],[78.27197,28.49009],[78.27737,28.46997],[78.30495,28.45871],[78.28135,28.42056],[78.3116,28.30816],[78.33637,28.27576],[78.37464,28.26242],[78.41087,28.1966],[78.48602,28.12402],[78.4617,28.0975],[78.42879,28.09382],[78.40298,28.11447],[78.38933,28.10333],[78.386,28.1397],[78.3593,28.15178],[78.30672,28.11811],[78.25309,28.11407],[78.23405,28.09846],[78.22084,28.10849],[78.15993,28.06909],[78.13961,28.07444],[78.14335,28.09423],[78.12386,28.11432],[78.10193,28.10749],[78.10311,28.12301],[78.05001,28.12952],[78.00008,28.07329],[77.93923,28.07664],[77.92814,28.09623],[77.84453,28.13311],[77.84545,28.17162],[77.77692,28.12695],[77.76593,28.151],[77.74716,28.14248],[77.72673,28.08239],[77.69717,28.07891],[77.6756,28.10334],[77.76479,28.17877],[77.73085,28.20059],[77.70751,28.16824],[77.6972,28.20525],[77.70809,28.24498],[77.68284,28.24906],[77.67803,28.26443],[77.70474,28.28654],[77.68521,28.2954],[77.69481,28.33498],[77.67423,28.33011],[77.69715,28.34816],[77.67869,28.39178],[77.68852,28.42689],[77.67147,28.42848],[77.66678,28.39611],[77.64813,28.39987],[77.63912,28.47823],[77.69031,28.50834],[77.68853,28.55186],[77.75244,28.55912],[77.75855,28.57906],[77.85799,28.65096],[77.90244,28.63084],[77.90333,28.66299],[77.93246,28.69658],[77.97398,28.71106],[77.97878,28.70805]]]}},{"type":"Feature","properties":{"DISTRICT":"Chandauli","ST_NM":"Uttar Pradesh","ST_CEN_CD":9,"DT_CEN_CD":65,"censuscode":196},"geometry":{"type":"Polygon","coordinates":[[[83.54302,25.3132],[83.55501,25.30962],[83.48863,25.28039],[83.46863,25.24998],[83.41763,25.24725],[83.39655,25.205],[83.34418,25.18154],[83.36565,25.12223],[83.3484,25.11045],[83.34204,25.0491],[83.33015,25.05393],[83.3243,25.02546],[83.35209,25.00863],[83.34664,24.96176],[83.3652,24.95358],[83.35954,24.90134],[83.37237,24.8769],[83.36211,24.86893],[83.39849,24.83147],[83.39485,24.78266],[83.3395,24.77291],[83.32165,24.78573],[83.33017,24.76617],[83.30854,24.71932],[83.28734,24.73721],[83.18703,24.71457],[83.16215,24.72456],[83.14301,24.75266],[83.08994,24.77949],[83.10009,24.81084],[83.12918,24.82544],[83.11865,24.84006],[83.0954,24.83679],[83.08513,24.86012],[83.06198,24.95314],[83.07613,25.01438],[83.05926,25.05801],[83.12972,25.05808],[83.12957,25.12429],[83.1676,25.13529],[83.18373,25.17528],[83.07687,25.21085],[83.07056,25.22839],[83.03414,25.24148],[83.07106,25.24485],[83.04906,25.28202],[83.01254,25.29646],[83.07312,25.32657],[83.14121,25.31694],[83.16188,25.33105],[83.19483,25.40531],[83.13073,25.44943],[83.20049,25.53186],[83.28417,25.50675],[83.32958,25.46291],[83.41368,25.48689],[83.53621,25.39091],[83.542,25.31603],[83.54302,25.3132]]]}},{"type":"Feature","properties":{"DISTRICT":"Chitrakoot","ST_NM":"Uttar Pradesh","ST_CEN_CD":9,"DT_CEN_CD":40,"censuscode":171},"geometry":{"type":"Polygon","coordinates":[[[81.19266,25.45238],[81.15148,25.4255],[81.15145,25.39698],[81.24971,25.35453],[81.265,25.32549],[81.32499,25.3473],[81.38662,25.33472],[81.40334,25.31469],[81.38921,25.27189],[81.45998,25.25863],[81.55012,25.29007],[81.56443,25.23875],[81.5212,25.22677],[81.52099,25.19385],[81.54648,25.1893],[81.51622,25.18147],[81.53844,25.15988],[81.53306,25.14019],[81.50383,25.14887],[81.49801,25.13077],[81.48016,25.13152],[81.51596,25.10339],[81.50299,25.0787],[81.41144,25.10292],[81.44672,25.10696],[81.43861,25.13012],[81.39961,25.11961],[81.33834,25.16887],[81.32135,25.15993],[81.32303,25.11271],[81.31479,25.16236],[81.27982,25.16528],[81.25403,25.10194],[81.26989,25.06489],[81.20996,24.99218],[81.22081,24.93104],[81.19263,24.92573],[81.20717,24.93127],[81.16965,24.95497],[81.14061,24.88858],[81.08462,24.94866],[81.0177,24.95067],[81.02496,24.92884],[80.98041,24.93594],[80.96337,24.92206],[80.94499,24.96879],[80.90543,24.95299],[80.90818,24.93587],[80.81031,24.94068],[80.7981,24.96797],[80.82678,24.96984],[80.85634,24.99434],[80.83486,25.03534],[80.87886,25.0672],[80.87323,25.11975],[80.91385,25.16057],[80.88636,25.19164],[80.84458,25.1887],[80.83593,25.10639],[80.80783,25.14245],[80.74631,25.1306],[80.72354,25.14263],[80.70668,25.12735],[80.73357,25.11889],[80.7287,25.09741],[80.78418,25.08037],[80.78957,25.06565],[80.74175,25.05851],[80.70306,25.07992],[80.71193,25.09268],[80.68894,25.14166],[80.71596,25.16391],[80.71436,25.18481],[80.75343,25.1873],[80.79782,25.21644],[80.75185,25.22891],[80.75147,25.25128],[80.78292,25.26208],[80.80367,25.2455],[80.81114,25.25835],[80.75797,25.30473],[80.75899,25.32415],[80.83369,25.34844],[80.94369,25.4693],[80.98328,25.46289],[80.99879,25.47586],[81.0268,25.50384],[81.00828,25.53443],[81.02218,25.54425],[81.19138,25.4875],[81.19629,25.46035],[81.19266,25.45238]]]}},{"type":"Feature","properties":{"DISTRICT":"Deoria","ST_NM":"Uttar Pradesh","ST_CEN_CD":9,"DT_CEN_CD":59,"censuscode":190},"geometry":{"type":"Polygon","coordinates":[[[84.05803,26.54778],[84.00993,26.52234],[83.98343,26.52924],[83.97178,26.50591],[83.94424,26.52172],[83.9101,26.51096],[83.91147,26.44755],[83.9911,26.432],[84.02015,26.44585],[84.03968,26.41044],[84.08107,26.38196],[84.18041,26.37155],[84.17621,26.33571],[84.19072,26.31467],[84.1662,26.24179],[84.15428,26.2593],[84.1219,26.25954],[84.11939,26.23946],[84.08828,26.21883],[84.02947,26.23919],[84.01449,26.23162],[84.03252,26.19851],[84.01193,26.17583],[84.03674,26.16058],[84.02702,26.14276],[84.05126,26.12922],[84.05594,26.09079],[83.96417,26.1317],[83.89864,26.127],[83.86361,26.18502],[83.80112,26.19596],[83.79044,26.22953],[83.74672,26.26193],[83.63473,26.22295],[83.64377,26.2748],[83.67108,26.28866],[83.6674,26.31391],[83.62132,26.29945],[83.63988,26.32704],[83.62367,26.3222],[83.62046,26.342],[83.60194,26.3465],[83.61142,26.36878],[83.58117,26.36415],[83.58439,26.39748],[83.54896,26.38862],[83.57175,26.37472],[83.54367,26.35372],[83.53579,26.38372],[83.51389,26.38309],[83.52791,26.39833],[83.48798,26.39615],[83.51074,26.41603],[83.4797,26.46163],[83.4938,26.46188],[83.49558,26.48998],[83.54152,26.49965],[83.55007,26.4889],[83.55484,26.50978],[83.60199,26.51461],[83.63031,26.57408],[83.61969,26.61371],[83.63426,26.62239],[83.63167,26.65701],[83.65499,26.65813],[83.68334,26.69996],[83.69953,26.69701],[83.69702,26.68115],[83.7917,26.70713],[83.81235,26.74664],[83.8361,26.74266],[83.84289,26.75703],[83.88666,26.73746],[83.90694,26.69106],[83.96101,26.6713],[83.9669,26.62709],[84.055,26.54844],[84.05803,26.54778]]]}},{"type":"Feature","properties":{"DISTRICT":"Etah","ST_NM":"Uttar Pradesh","ST_CEN_CD":9,"DT_CEN_CD":70,"censuscode":201},"geometry":{"type":"Polygon","coordinates":[[[79.1776,27.58357],[79.22058,27.5764],[79.22603,27.53578],[79.2744,27.51704],[79.2481,27.4733],[79.26062,27.42994],[79.22841,27.41353],[79.26865,27.34701],[79.24052,27.32433],[79.21157,27.33252],[79.17085,27.37938],[79.1469,27.37666],[79.1096,27.43227],[79.06352,27.4171],[79.00001,27.43259],[78.95952,27.41916],[78.93894,27.4494],[78.89075,27.46942],[78.83973,27.40947],[78.85527,27.39006],[78.83648,27.36094],[78.73628,27.33355],[78.71706,27.37581],[78.68653,27.38382],[78.67131,27.41679],[78.64447,27.42173],[78.66154,27.49019],[78.63077,27.48934],[78.60712,27.50968],[78.54514,27.44153],[78.5137,27.46254],[78.49231,27.42444],[78.46722,27.42546],[78.49157,27.39343],[78.47905,27.34181],[78.45836,27.37256],[78.43798,27.3606],[78.40036,27.37085],[78.38512,27.3377],[78.32386,27.33715],[78.30033,27.30807],[78.27878,27.33726],[78.29686,27.38224],[78.19804,27.40278],[78.20058,27.43297],[78.1801,27.4326],[78.22296,27.52878],[78.25473,27.51802],[78.28396,27.53603],[78.28029,27.55482],[78.31434,27.54326],[78.33386,27.58262],[78.36307,27.57377],[78.36348,27.55913],[78.39723,27.588],[78.41629,27.58048],[78.47108,27.61863],[78.50058,27.61664],[78.51537,27.66834],[78.50558,27.68473],[78.5187,27.69387],[78.50774,27.70479],[78.52832,27.7236],[78.5146,27.73993],[78.55218,27.78488],[78.56677,27.76728],[78.60031,27.76932],[78.60995,27.74454],[78.68717,27.7402],[78.69759,27.68583],[78.74409,27.63523],[78.85985,27.59385],[78.85898,27.57808],[78.89139,27.58673],[78.89104,27.5477],[78.94943,27.57122],[78.96566,27.56402],[78.9834,27.59785],[78.97933,27.64852],[78.99369,27.66025],[79.01719,27.64753],[79.02711,27.61022],[79.1073,27.55309],[79.16903,27.5761],[79.1776,27.58357]]]}},{"type":"Feature","properties":{"DISTRICT":"Etawah","ST_NM":"Uttar Pradesh","ST_CEN_CD":9,"DT_CEN_CD":30,"censuscode":161},"geometry":{"type":"Polygon","coordinates":[[[79.32715,26.96038],[79.31894,26.94351],[79.33741,26.93829],[79.33947,26.87191],[79.32593,26.79609],[79.34159,26.74053],[79.29702,26.68857],[79.31595,26.65187],[79.25924,26.61888],[79.2324,26.53957],[79.25932,26.53556],[79.26844,26.51482],[79.31553,26.52184],[79.2767,26.4995],[79.28736,26.47582],[79.23127,26.44033],[79.23286,26.42764],[79.057,26.4504],[79.06955,26.49763],[79.02918,26.54597],[79.0066,26.54524],[78.99999,26.57659],[78.98824,26.56837],[78.98668,26.58671],[79.01435,26.60475],[78.99559,26.64163],[79.00916,26.67097],[78.99265,26.67995],[78.94662,26.65693],[78.95688,26.69098],[78.91269,26.7076],[78.87363,26.69889],[78.82011,26.75968],[78.7794,26.75839],[78.79382,26.79748],[78.83242,26.79077],[78.85157,26.80941],[78.81063,26.86849],[78.78306,26.86487],[78.76799,26.90411],[78.74222,26.89291],[78.77498,26.9451],[78.83428,26.95332],[78.85405,26.97356],[78.86618,26.96084],[78.92018,26.9644],[78.9322,26.98442],[79.00001,26.93048],[79.0645,26.9894],[79.09816,26.98192],[79.09545,26.99954],[79.18411,27.00602],[79.19993,26.97329],[79.27496,26.99023],[79.32189,26.9642],[79.32715,26.96038]]]}},{"type":"Feature","properties":{"DISTRICT":"Faizabad","ST_NM":"Uttar Pradesh","ST_CEN_CD":9,"DT_CEN_CD":46,"censuscode":177},"geometry":{"type":"Polygon","coordinates":[[[81.76693,26.88376],[81.84373,26.83767],[81.89106,26.82883],[81.91544,26.7911],[81.9773,26.77848],[82.14176,26.8317],[82.2053,26.82832],[82.24119,26.74789],[82.31811,26.72283],[82.39331,26.65231],[82.47852,26.65226],[82.47735,26.60767],[82.45183,26.59492],[82.46816,26.58234],[82.43074,26.54623],[82.41755,26.55683],[82.39662,26.54298],[82.37128,26.55487],[82.37928,26.57259],[82.33906,26.57669],[82.31701,26.50665],[82.25598,26.4208],[82.22097,26.40739],[82.18832,26.4074],[82.18783,26.41965],[82.15052,26.43087],[82.15379,26.44585],[82.12686,26.44903],[82.13422,26.46579],[82.05013,26.46741],[82.02453,26.49073],[82.0096,26.47775],[82.01094,26.4903],[81.97456,26.5107],[81.89545,26.50622],[81.89972,26.52237],[81.88079,26.53363],[81.84799,26.51174],[81.80949,26.5372],[81.7988,26.52739],[81.73414,26.54311],[81.71063,26.50761],[81.67679,26.52894],[81.70167,26.54019],[81.70363,26.58836],[81.65096,26.58155],[81.65065,26.60657],[81.67845,26.6038],[81.64325,26.63667],[81.619,26.62599],[81.57036,26.66411],[81.56073,26.64132],[81.54361,26.65246],[81.57394,26.67976],[81.60564,26.67647],[81.5818,26.70375],[81.58128,26.75008],[81.61574,26.86899],[81.63679,26.88256],[81.7027,26.88039],[81.71921,26.92009],[81.76119,26.88397],[81.76693,26.88376]]]}},{"type":"Feature","properties":{"DISTRICT":"Farrukhabad","ST_NM":"Uttar Pradesh","ST_CEN_CD":9,"DT_CEN_CD":28,"censuscode":159},"geometry":{"type":"Polygon","coordinates":[[[79.20928,27.70697],[79.22802,27.69589],[79.2369,27.70739],[79.29812,27.66769],[79.29158,27.68015],[79.30326,27.68034],[79.34659,27.64784],[79.4273,27.62766],[79.46424,27.63331],[79.48038,27.59647],[79.50202,27.5891],[79.61265,27.59314],[79.5982,27.61439],[79.65334,27.64087],[79.65909,27.60956],[79.64279,27.57988],[79.65618,27.57463],[79.65793,27.50666],[79.70337,27.49056],[79.69996,27.47136],[79.74697,27.45188],[79.69036,27.37282],[79.72199,27.32742],[79.73251,27.27975],[79.69787,27.25914],[79.70021,27.22921],[79.72734,27.21774],[79.69705,27.21421],[79.68072,27.17144],[79.61623,27.18747],[79.56176,27.15875],[79.52201,27.20937],[79.41256,27.22563],[79.39475,27.19619],[79.36361,27.22149],[79.33937,27.21549],[79.31555,27.24639],[79.3206,27.28662],[79.28949,27.28187],[79.28988,27.30443],[79.26859,27.30499],[79.25083,27.33062],[79.26753,27.35279],[79.22841,27.41353],[79.26062,27.42994],[79.2481,27.4733],[79.2744,27.51704],[79.22603,27.53578],[79.22058,27.5764],[79.17495,27.58427],[79.18414,27.61331],[79.13246,27.63354],[79.12425,27.68241],[79.13567,27.70257],[79.19501,27.71298],[79.20928,27.70697]]]}},{"type":"Feature","properties":{"DISTRICT":"Fatehpur","ST_NM":"Uttar Pradesh","ST_CEN_CD":9,"DT_CEN_CD":41,"censuscode":172},"geometry":{"type":"Polygon","coordinates":[[[80.67615,26.12127],[80.68393,26.09881],[80.761,26.07305],[80.81148,26.03287],[80.94016,26.0657],[81.01933,26.06338],[81.06791,26.0002],[81.11806,25.97277],[81.11637,25.95488],[81.21664,25.92639],[81.23348,25.86109],[81.29681,25.84366],[81.33679,25.81015],[81.31574,25.7722],[81.26914,25.75296],[81.2513,25.76044],[81.2298,25.71536],[81.20122,25.71933],[81.206,25.68374],[81.24043,25.67587],[81.21666,25.67031],[81.21098,25.59637],[81.24235,25.58452],[81.263,25.54418],[81.2537,25.51392],[81.27118,25.50742],[81.22893,25.47191],[81.22204,25.44122],[81.19266,25.45238],[81.19138,25.4875],[81.0266,25.53916],[81.00003,25.5711],[81.03383,25.59224],[81.03734,25.62607],[81.01963,25.63285],[80.95879,25.608],[80.94323,25.68526],[80.86285,25.67584],[80.83586,25.72744],[80.79645,25.69578],[80.743,25.68067],[80.59126,25.71027],[80.55574,25.73464],[80.58017,25.78007],[80.52333,25.77675],[80.46429,25.82233],[80.53574,25.83521],[80.55644,25.86671],[80.38942,25.91062],[80.31448,25.88725],[80.27163,25.93068],[80.2368,25.92245],[80.21555,25.96772],[80.24803,25.99028],[80.25596,26.04519],[80.31337,26.07264],[80.3244,26.11348],[80.40813,26.16102],[80.43113,26.15378],[80.45016,26.1801],[80.52111,26.18806],[80.54445,26.20188],[80.54583,26.22051],[80.60226,26.22445],[80.61446,26.15161],[80.67188,26.12991],[80.67615,26.12127]]]}},{"type":"Feature","properties":{"DISTRICT":"Firozabad","ST_NM":"Uttar Pradesh","ST_CEN_CD":9,"DT_CEN_CD":16,"censuscode":147},"geometry":{"type":"Polygon","coordinates":[[[78.73386,27.33571],[78.73497,27.29452],[78.71337,27.28397],[78.74736,27.26908],[78.74374,27.25085],[78.77439,27.22913],[78.76071,27.2088],[78.78084,27.16665],[78.81934,27.13876],[78.78744,27.12317],[78.78057,27.04691],[78.80077,26.98493],[78.83059,26.97789],[78.81823,26.95572],[78.77033,26.94266],[78.74879,26.91428],[78.73494,26.92007],[78.72716,26.89977],[78.6764,26.91673],[78.67354,26.87828],[78.64499,26.87922],[78.61962,26.94587],[78.59936,26.94567],[78.60113,26.91978],[78.57611,26.9616],[78.51969,26.97577],[78.54497,26.92799],[78.52957,26.91732],[78.51628,26.95725],[78.48717,26.96604],[78.48266,26.99382],[78.45189,26.98398],[78.42854,27.04656],[78.36415,27.07924],[78.31307,27.05153],[78.31598,27.09403],[78.36692,27.10831],[78.36959,27.12171],[78.34398,27.12513],[78.32302,27.10646],[78.31834,27.12076],[78.29917,27.11982],[78.2842,27.07952],[78.24483,27.10902],[78.26019,27.08117],[78.24201,27.07194],[78.20046,27.11929],[78.21971,27.1566],[78.20629,27.21027],[78.23468,27.21629],[78.22036,27.2402],[78.24041,27.25477],[78.21314,27.26338],[78.21642,27.31497],[78.2403,27.29943],[78.25846,27.31029],[78.28291,27.30023],[78.32386,27.33715],[78.38512,27.3377],[78.40036,27.37085],[78.43798,27.3606],[78.45836,27.37256],[78.47905,27.34181],[78.49157,27.39343],[78.46722,27.42546],[78.49231,27.42444],[78.5137,27.46254],[78.54514,27.44153],[78.56431,27.47073],[78.58819,27.47701],[78.59813,27.50674],[78.66154,27.49019],[78.64447,27.42173],[78.67131,27.41679],[78.68653,27.38382],[78.71706,27.37581],[78.73272,27.33673],[78.73386,27.33571]]]}},{"type":"Feature","properties":{"DISTRICT":"Gautam Buddha Nagar","ST_NM":"Uttar Pradesh","ST_CEN_CD":9,"DT_CEN_CD":10,"censuscode":141},"geometry":{"type":"Polygon","coordinates":[[[77.69833,28.27996],[77.67803,28.26443],[77.68284,28.24906],[77.70809,28.24498],[77.6972,28.20525],[77.70751,28.16824],[77.73085,28.20059],[77.76479,28.17877],[77.71002,28.13969],[77.70146,28.11441],[77.65829,28.11195],[77.6442,28.09377],[77.60865,28.10838],[77.57255,28.07936],[77.47942,28.07807],[77.48766,28.10231],[77.50174,28.09234],[77.50589,28.1542],[77.55198,28.17597],[77.51525,28.1898],[77.50168,28.17943],[77.49872,28.20633],[77.52873,28.19611],[77.52522,28.22409],[77.55089,28.24205],[77.47695,28.26408],[77.50243,28.27498],[77.50553,28.30139],[77.4735,28.33238],[77.50404,28.35263],[77.47668,28.39406],[77.48443,28.40789],[77.37926,28.47515],[77.30514,28.55573],[77.31716,28.59144],[77.34625,28.60339],[77.3213,28.63919],[77.32807,28.67389],[77.40107,28.68074],[77.40575,28.6287],[77.47523,28.62545],[77.52492,28.64692],[77.56407,28.6163],[77.59723,28.61657],[77.62517,28.57551],[77.65552,28.59496],[77.67048,28.58318],[77.69533,28.52997],[77.69031,28.50834],[77.63912,28.47823],[77.63812,28.43533],[77.65926,28.39306],[77.67147,28.42848],[77.68852,28.42689],[77.67869,28.39178],[77.69715,28.34816],[77.67423,28.33011],[77.69749,28.32987],[77.68293,28.31366],[77.69825,28.28239],[77.69833,28.27996]]]}},{"type":"Feature","properties":{"DISTRICT":"Ghaziabad","ST_NM":"Uttar Pradesh","ST_CEN_CD":9,"DT_CEN_CD":9,"censuscode":140},"geometry":{"type":"Polygon","coordinates":[[[77.49249,28.89961],[77.58687,28.89278],[77.59723,28.87462],[77.69319,28.87496],[77.71815,28.80897],[77.69088,28.75788],[77.69957,28.74099],[77.72826,28.73627],[77.78225,28.76132],[77.79252,28.78592],[77.84616,28.80248],[77.86812,28.79455],[77.87283,28.86363],[77.92712,28.85478],[77.93548,28.83648],[78.03465,28.86316],[78.11599,28.85631],[78.14129,28.72107],[78.19302,28.67031],[78.20941,28.61525],[78.09255,28.63386],[77.96752,28.71364],[77.90333,28.66299],[77.90244,28.63084],[77.85799,28.65096],[77.75855,28.57906],[77.75244,28.55912],[77.68853,28.55186],[77.6578,28.59414],[77.62517,28.57551],[77.59723,28.61657],[77.56407,28.6163],[77.52492,28.64692],[77.47523,28.62545],[77.40575,28.6287],[77.40695,28.6788],[77.34259,28.67525],[77.3337,28.71042],[77.29509,28.70703],[77.23493,28.78227],[77.20717,28.78995],[77.20488,28.81002],[77.22393,28.80816],[77.22764,28.82995],[77.28735,28.83349],[77.3076,28.79117],[77.35385,28.80426],[77.40781,28.77648],[77.39811,28.82829],[77.41958,28.84368],[77.40901,28.87505],[77.44692,28.92504],[77.47394,28.90379],[77.49249,28.89961]]]}},{"type":"Feature","properties":{"DISTRICT":"Ghazipur","ST_NM":"Uttar Pradesh","ST_CEN_CD":9,"DT_CEN_CD":64,"censuscode":195},"geometry":{"type":"Polygon","coordinates":[[[83.73262,25.85627],[83.78767,25.8076],[83.80309,25.80975],[83.81305,25.7729],[83.85787,25.79633],[83.8837,25.76297],[83.91707,25.75896],[83.9126,25.74873],[83.92683,25.76622],[83.95073,25.75639],[83.9628,25.72916],[83.93657,25.70932],[83.96115,25.68089],[83.92289,25.63319],[83.94524,25.58134],[83.93373,25.5864],[83.92942,25.55979],[83.88136,25.51847],[83.8595,25.47182],[83.81862,25.464],[83.81395,25.45178],[83.84674,25.43502],[83.80274,25.42972],[83.80773,25.4091],[83.77027,25.38603],[83.74089,25.40866],[83.71237,25.38422],[83.70296,25.39415],[83.68359,25.37644],[83.69465,25.36751],[83.65859,25.366],[83.65085,25.33918],[83.57254,25.30618],[83.53234,25.31992],[83.5493,25.34762],[83.53621,25.39091],[83.41368,25.48689],[83.32958,25.46291],[83.24813,25.52357],[83.20049,25.53186],[83.17972,25.51031],[83.16392,25.52143],[83.15705,25.50275],[83.10239,25.52476],[83.11498,25.49726],[83.08914,25.49168],[83.06435,25.52846],[83.09077,25.57351],[83.06887,25.59481],[83.0672,25.65146],[83.12113,25.65353],[83.14858,25.63634],[83.15113,25.65727],[83.18525,25.67278],[83.19448,25.70023],[83.24207,25.70596],[83.21501,25.73189],[83.21777,25.7596],[83.19137,25.76558],[83.1958,25.77736],[83.22149,25.75943],[83.26873,25.77623],[83.30597,25.75567],[83.32543,25.81294],[83.37919,25.79843],[83.40805,25.83999],[83.4633,25.8495],[83.48049,25.8374],[83.50821,25.8635],[83.5967,25.88255],[83.63426,25.86619],[83.64836,25.89419],[83.73113,25.85721],[83.73262,25.85627]]]}},{"type":"Feature","properties":{"DISTRICT":"Gonda","ST_NM":"Uttar Pradesh","ST_CEN_CD":9,"DT_CEN_CD":52,"censuscode":183},"geometry":{"type":"Polygon","coordinates":[[[82.07743,27.4106],[82.11632,27.36995],[82.27921,27.27522],[82.31188,27.21179],[82.28769,27.199],[82.25957,27.22422],[82.23888,27.22286],[82.21733,27.17886],[82.2584,27.15097],[82.33887,27.05384],[82.36408,27.05714],[82.38346,27.08792],[82.41182,27.07811],[82.44269,27.12883],[82.47387,27.12053],[82.48179,27.16856],[82.50784,27.12181],[82.54944,27.1088],[82.57222,27.02094],[82.61475,27.00122],[82.56447,26.98845],[82.56346,26.96507],[82.51441,26.94909],[82.4807,26.90434],[82.39875,26.94673],[82.35984,26.93131],[82.31676,26.97697],[82.29145,26.94648],[82.23987,26.92749],[82.25123,26.90061],[82.23273,26.8682],[82.25321,26.8115],[82.14176,26.8317],[81.981,26.77822],[81.91975,26.78895],[81.88483,26.83266],[81.84373,26.83767],[81.75545,26.88514],[81.71772,26.92033],[81.73171,26.95336],[81.65809,26.96221],[81.65463,27.00444],[81.6404,27.01382],[81.5783,27.01209],[81.56267,27.0292],[81.57347,27.0465],[81.50902,27.05563],[81.51642,27.08284],[81.5451,27.07349],[81.5438,27.0954],[81.56998,27.12346],[81.58908,27.11258],[81.60799,27.14136],[81.63249,27.13764],[81.6327,27.15546],[81.64477,27.15399],[81.63937,27.18214],[81.66706,27.20031],[81.66613,27.23472],[81.68403,27.23827],[81.70772,27.28014],[81.70771,27.29368],[81.6792,27.30442],[81.68466,27.3197],[81.7439,27.32986],[81.81597,27.26704],[81.83886,27.28236],[81.85465,27.32911],[81.92344,27.32247],[81.91022,27.37014],[81.94132,27.38803],[81.92886,27.41159],[81.94436,27.43814],[81.98006,27.43985],[82.00379,27.41139],[82.07586,27.4071],[82.07743,27.4106]]]}},{"type":"Feature","properties":{"DISTRICT":"Gorakhpur","ST_NM":"Uttar Pradesh","ST_CEN_CD":9,"DT_CEN_CD":57,"censuscode":188},"geometry":{"type":"Polygon","coordinates":[[[83.54469,26.88041],[83.52839,26.85409],[83.59311,26.79408],[83.5862,26.76114],[83.6203,26.75315],[83.63121,26.58137],[83.60199,26.51461],[83.55484,26.50978],[83.55007,26.4889],[83.51738,26.49866],[83.49238,26.48611],[83.4938,26.46188],[83.4797,26.46163],[83.51074,26.41603],[83.48798,26.39615],[83.52791,26.39833],[83.51389,26.38309],[83.53579,26.38372],[83.54367,26.35372],[83.57175,26.37472],[83.54896,26.38862],[83.58439,26.39748],[83.58117,26.36415],[83.61142,26.36878],[83.60194,26.3465],[83.62046,26.342],[83.62367,26.3222],[83.63988,26.32704],[83.62132,26.29945],[83.6674,26.31391],[83.67108,26.28866],[83.64377,26.2748],[83.63473,26.22295],[83.60928,26.23225],[83.61818,26.24539],[83.57902,26.24886],[83.53437,26.27706],[83.41841,26.27403],[83.33979,26.34852],[83.30473,26.35012],[83.23116,26.39311],[83.08363,26.39307],[83.0708,26.40784],[83.09825,26.43197],[83.09213,26.47947],[83.16866,26.50601],[83.19003,26.48894],[83.2054,26.52409],[83.17143,26.53038],[83.14122,26.56224],[83.13727,26.59501],[83.12016,26.59394],[83.10934,26.61567],[83.13518,26.633],[83.13256,26.65486],[83.10324,26.65858],[83.1172,26.68396],[83.08564,26.70047],[83.14549,26.74605],[83.13618,26.77721],[83.1128,26.76646],[83.10029,26.80775],[83.12068,26.81884],[83.13746,26.8872],[83.15757,26.8718],[83.2173,26.88415],[83.2104,26.93544],[83.22751,26.93683],[83.19603,26.94457],[83.20884,26.95437],[83.19633,26.96772],[83.22638,26.97892],[83.21681,27.01644],[83.14432,27.00485],[83.15072,27.04049],[83.132,27.04926],[83.15124,27.05481],[83.12297,27.10974],[83.14843,27.11578],[83.13018,27.14136],[83.1633,27.12867],[83.17774,27.08749],[83.2752,27.06692],[83.28463,27.05008],[83.31757,27.04948],[83.34148,27.09127],[83.37806,27.07624],[83.40363,27.08764],[83.33137,26.98097],[83.36193,26.96818],[83.44249,26.9794],[83.44661,26.96129],[83.4735,26.95003],[83.4784,26.92316],[83.52891,26.8915],[83.54469,26.88041]]]}},{"type":"Feature","properties":{"DISTRICT":"Hamirpur","ST_NM":"Uttar Pradesh","ST_CEN_CD":9,"DT_CEN_CD":37,"censuscode":168},"geometry":{"type":"Polygon","coordinates":[[[79.97738,26.06912],[80.09528,26.07788],[80.11434,26.04594],[80.08488,25.99857],[80.19534,25.94802],[80.21427,25.91735],[80.27163,25.93068],[80.30821,25.88911],[80.35021,25.89874],[80.35258,25.86974],[80.33164,25.84558],[80.30161,25.84327],[80.29461,25.81744],[80.23147,25.79753],[80.30505,25.76112],[80.35113,25.70506],[80.32092,25.70864],[80.3041,25.69319],[80.31732,25.64498],[80.27628,25.61999],[80.29064,25.6071],[80.27752,25.58088],[80.25264,25.58733],[80.21452,25.55418],[80.20644,25.52687],[80.22013,25.5252],[80.21118,25.49297],[80.22427,25.47056],[80.20589,25.48359],[80.19071,25.44204],[80.13942,25.45634],[80.10712,25.4009],[80.03071,25.43195],[80.0356,25.49168],[79.99706,25.49122],[80.00801,25.52003],[79.98275,25.53577],[80.01471,25.5539],[80.02598,25.58832],[79.95512,25.64243],[79.94824,25.59567],[79.87143,25.57548],[79.85756,25.54546],[79.82438,25.54699],[79.81329,25.49783],[79.76312,25.53605],[79.75555,25.51662],[79.74174,25.52285],[79.74352,25.54669],[79.71415,25.56643],[79.6936,25.54688],[79.66082,25.5504],[79.6664,25.51286],[79.64126,25.50646],[79.64234,25.48419],[79.60011,25.49734],[79.56641,25.47654],[79.56444,25.49126],[79.5308,25.48177],[79.389,25.52184],[79.41046,25.54536],[79.40226,25.56718],[79.42076,25.57724],[79.38919,25.57723],[79.36067,25.64308],[79.40602,25.65262],[79.37919,25.66525],[79.3874,25.6851],[79.37286,25.69912],[79.40012,25.7405],[79.37552,25.74628],[79.36433,25.77433],[79.3989,25.77823],[79.40903,25.80995],[79.46022,25.78843],[79.45982,25.8239],[79.50182,25.85803],[79.55392,25.82245],[79.57592,25.86094],[79.53151,25.86423],[79.52529,25.88897],[79.61322,25.89828],[79.606,25.9224],[79.62161,25.93223],[79.66175,25.90421],[79.68911,25.92861],[79.71009,25.90565],[79.74027,25.91279],[79.77865,25.86592],[79.81203,25.8687],[79.81085,25.90908],[79.82227,25.91244],[79.84345,25.88384],[79.87033,25.88168],[79.8508,25.97153],[79.87618,25.96989],[79.8697,25.9504],[79.92262,25.964],[79.95695,26.0151],[79.94934,26.02626],[79.91309,26.01279],[79.91938,26.02846],[79.94602,26.0296],[79.94648,26.05731],[79.92158,26.0908],[79.94284,26.16],[79.96798,26.15351],[79.95715,26.08266],[79.96948,26.07072],[79.97738,26.06912]]]}},{"type":"Feature","properties":{"DISTRICT":"Hardoi","ST_NM":"Uttar Pradesh","ST_CEN_CD":9,"DT_CEN_CD":24,"censuscode":155},"geometry":{"type":"Polygon","coordinates":[[[80.31223,27.67862],[80.30469,27.61796],[80.32512,27.59987],[80.30614,27.58131],[80.32771,27.52307],[80.35784,27.47956],[80.4057,27.46116],[80.42882,27.42188],[80.41932,27.41621],[80.45246,27.4007],[80.4533,27.37185],[80.46846,27.36473],[80.45577,27.3626],[80.45728,27.34188],[80.48218,27.34421],[80.5013,27.32508],[80.51779,27.267],[80.4986,27.25621],[80.55995,27.26953],[80.57126,27.29203],[80.60195,27.25919],[80.61866,27.27108],[80.62958,27.25436],[80.65568,27.25756],[80.64327,27.24598],[80.65704,27.2271],[80.69085,27.21548],[80.71594,27.2348],[80.7503,27.22644],[80.76615,27.2026],[80.8004,27.19205],[80.82316,27.15308],[80.80848,27.11283],[80.82731,27.10137],[80.791,27.11093],[80.76548,27.08894],[80.73825,27.10081],[80.70114,27.0601],[80.64681,27.07855],[80.65666,27.06221],[80.62354,27.05677],[80.61539,27.03813],[80.58953,27.03828],[80.54473,27.00155],[80.52927,27.00714],[80.44615,26.96653],[80.41584,26.88736],[80.3872,26.92967],[80.36105,26.92275],[80.32838,26.98942],[80.29548,27.00069],[80.30795,27.02277],[80.2857,27.03005],[80.25217,27.0266],[80.22073,26.96516],[80.17418,26.95866],[80.183,26.99677],[80.14865,26.97851],[80.11499,26.99505],[80.10517,26.96032],[80.08599,26.9589],[80.05165,26.91907],[79.97494,27.03503],[79.97308,27.07165],[79.92265,27.09764],[79.90556,27.14651],[79.85878,27.15067],[79.85952,27.17283],[79.8051,27.16822],[79.70021,27.22921],[79.69787,27.25914],[79.73251,27.27975],[79.72199,27.32742],[79.69036,27.37282],[79.74697,27.45188],[79.71642,27.47322],[79.73231,27.48628],[79.73096,27.52861],[79.70906,27.54674],[79.71659,27.58191],[79.68837,27.63343],[79.72886,27.67221],[79.74133,27.72171],[79.7666,27.71268],[79.81449,27.65657],[79.86142,27.64974],[79.88169,27.7],[79.91826,27.70307],[79.91404,27.72057],[79.94595,27.71382],[79.9662,27.72979],[80.06541,27.74325],[80.07405,27.75032],[80.05877,27.76618],[80.09171,27.78431],[80.13673,27.77721],[80.13216,27.74964],[80.15837,27.7704],[80.19319,27.75981],[80.20171,27.77522],[80.23358,27.77006],[80.22399,27.76307],[80.24277,27.76084],[80.23645,27.75107],[80.25283,27.75513],[80.27378,27.72756],[80.28502,27.7358],[80.28023,27.71022],[80.29913,27.70364],[80.30396,27.6804],[80.31223,27.67862]]]}},{"type":"Feature","properties":{"DISTRICT":"Jalaun","ST_NM":"Uttar Pradesh","ST_CEN_CD":9,"DT_CEN_CD":34,"censuscode":165},"geometry":{"type":"Polygon","coordinates":[[[79.5037,26.36376],[79.52629,26.34256],[79.56013,26.36173],[79.57498,26.3548],[79.52896,26.31437],[79.54912,26.27521],[79.65221,26.2423],[79.65048,26.21071],[79.76805,26.18114],[79.74495,26.13463],[79.81207,26.10211],[79.86808,26.11447],[79.93223,26.07967],[79.94602,26.0296],[79.91938,26.02846],[79.91354,26.01167],[79.95718,26.02269],[79.93012,25.99111],[79.93442,25.97496],[79.87943,25.94999],[79.86254,25.95313],[79.87305,25.9716],[79.84581,25.96034],[79.86675,25.93564],[79.87033,25.88168],[79.84345,25.88384],[79.82227,25.91244],[79.81085,25.90908],[79.81203,25.8687],[79.77865,25.86592],[79.74027,25.91279],[79.71009,25.90565],[79.68911,25.92861],[79.66175,25.90421],[79.62161,25.93223],[79.606,25.9224],[79.61322,25.89828],[79.52529,25.88897],[79.53151,25.86423],[79.57592,25.86094],[79.55392,25.82245],[79.50182,25.85803],[79.45982,25.8239],[79.46022,25.78843],[79.40903,25.80995],[79.3839,25.7861],[79.32005,25.76953],[79.29182,25.79214],[79.29591,25.81558],[79.26607,25.79233],[79.23838,25.80769],[79.21363,25.78988],[79.13382,25.81356],[79.11781,25.82444],[79.12719,25.8655],[79.09797,25.86127],[79.10818,25.89082],[79.07804,25.89032],[79.07591,25.85922],[79.04066,25.86765],[79.03079,25.90369],[79.05493,25.89184],[79.0859,25.91639],[78.93538,25.95008],[78.95238,26.03149],[79.01129,26.07632],[78.95083,26.13363],[78.97353,26.15026],[79.00892,26.14947],[79.01163,26.16744],[78.98399,26.18726],[79.029,26.20413],[78.99257,26.23745],[79.01869,26.24623],[79.0379,26.22653],[79.06536,26.22735],[79.071,26.24138],[79.04537,26.26143],[79.07565,26.28205],[79.09195,26.26686],[79.10227,26.30637],[79.13504,26.31047],[79.12412,26.32951],[79.14224,26.33938],[79.08525,26.35709],[79.09897,26.37378],[79.09536,26.4122],[79.12578,26.4115],[79.13535,26.43918],[79.19237,26.42502],[79.29268,26.44241],[79.34168,26.40138],[79.45848,26.4341],[79.48626,26.41968],[79.50266,26.3653],[79.5037,26.36376]]]}},{"type":"Feature","properties":{"DISTRICT":"Jaunpur","ST_NM":"Uttar Pradesh","ST_CEN_CD":9,"DT_CEN_CD":63,"censuscode":194},"geometry":{"type":"Polygon","coordinates":[[[82.6823,26.15122],[82.67267,26.12351],[82.70726,26.09387],[82.70138,26.06752],[82.71508,26.05198],[82.70165,26.04024],[82.72162,26.04202],[82.70898,26.0239],[82.73304,26.02485],[82.72776,25.9893],[82.77364,25.89437],[82.75808,25.83691],[82.78669,25.82512],[82.83548,25.76612],[82.89917,25.7727],[82.93083,25.75595],[82.92554,25.73023],[82.98583,25.67934],[83.00858,25.71255],[83.07815,25.68142],[83.06461,25.63138],[83.07761,25.61307],[83.06887,25.59481],[83.09077,25.57351],[83.07915,25.55607],[83.04419,25.53969],[83.02177,25.5754],[83.01152,25.54835],[82.98255,25.55378],[82.9544,25.52474],[82.92992,25.57003],[82.87981,25.56569],[82.86684,25.57997],[82.8371,25.55275],[82.79872,25.55178],[82.77969,25.52889],[82.73451,25.54547],[82.71399,25.53148],[82.72583,25.50865],[82.71066,25.48252],[82.73639,25.46208],[82.70542,25.45701],[82.72041,25.43475],[82.68856,25.42991],[82.69373,25.3945],[82.62668,25.39257],[82.61715,25.3993],[82.63762,25.40807],[82.59848,25.41909],[82.60654,25.4504],[82.5809,25.4514],[82.57057,25.41514],[82.55904,25.45589],[82.54205,25.46211],[82.5507,25.43825],[82.51488,25.44166],[82.50308,25.47464],[82.46991,25.46797],[82.47965,25.48613],[82.44913,25.49498],[82.44458,25.51693],[82.42631,25.51589],[82.41229,25.49031],[82.39666,25.52137],[82.36664,25.50844],[82.32603,25.54328],[82.24703,25.56597],[82.25232,25.5795],[82.21948,25.58915],[82.20282,25.57451],[82.15437,25.60085],[82.12099,25.64341],[82.14419,25.65151],[82.14263,25.66737],[82.1893,25.71133],[82.1857,25.76213],[82.19691,25.76508],[82.16973,25.79019],[82.1832,25.80189],[82.17858,25.82475],[82.20724,25.81941],[82.21849,25.83828],[82.27881,25.84212],[82.29643,25.89173],[82.34663,25.91495],[82.3961,25.91062],[82.39355,25.93426],[82.34755,25.95587],[82.371,25.98158],[82.4368,25.98128],[82.43233,26.00882],[82.48477,26.00091],[82.49207,25.97234],[82.52382,26.00091],[82.50537,26.03975],[82.46673,26.04434],[82.47887,26.07063],[82.43732,26.09803],[82.44499,26.13265],[82.536,26.14576],[82.56987,26.1311],[82.57167,26.16341],[82.60086,26.19607],[82.62745,26.17136],[82.65384,26.17389],[82.64187,26.15948],[82.67621,26.15626],[82.6823,26.15122]]]}},{"type":"Feature","properties":{"DISTRICT":"Jhansi","ST_NM":"Uttar Pradesh","ST_CEN_CD":9,"DT_CEN_CD":35,"censuscode":166},"geometry":{"type":"Polygon","coordinates":[[[79.39796,25.79621],[79.3989,25.77823],[79.36355,25.77198],[79.37552,25.74628],[79.40012,25.7405],[79.37286,25.69912],[79.3874,25.6851],[79.37919,25.66525],[79.40602,25.65262],[79.36067,25.64308],[79.38919,25.57723],[79.42076,25.57724],[79.40226,25.56718],[79.40878,25.54146],[79.36258,25.48526],[79.36832,25.46224],[79.33269,25.43131],[79.34038,25.4018],[79.29954,25.37596],[79.27723,25.33893],[79.28416,25.3221],[79.26361,25.28681],[79.27324,25.26152],[79.29537,25.28535],[79.31765,25.25705],[79.33955,25.2714],[79.35217,25.25944],[79.34874,25.22565],[79.33672,25.22507],[79.35456,25.20942],[79.34017,25.19602],[79.33294,25.2176],[79.28117,25.24325],[79.28635,25.19257],[79.32209,25.14709],[79.30848,25.12606],[79.26754,25.11732],[79.26669,25.14846],[79.24331,25.15613],[79.22136,25.14356],[79.25101,25.13598],[79.24583,25.11157],[79.2138,25.10896],[79.1923,25.14629],[79.17418,25.13751],[79.18672,25.11288],[79.13171,25.10703],[79.11519,25.13884],[79.12783,25.15931],[79.0917,25.18763],[79.0654,25.14595],[79.03556,25.13505],[79.04313,25.16899],[79.03195,25.18165],[79.06385,25.22078],[79.01951,25.24327],[79.01239,25.27198],[78.99417,25.26996],[78.97852,25.23995],[79.00205,25.22879],[79.00314,25.19101],[78.95565,25.21521],[78.88114,25.15832],[78.88317,25.25076],[78.89899,25.24046],[78.91594,25.26935],[78.94796,25.25769],[78.95491,25.27869],[78.97744,25.28021],[78.96019,25.30684],[78.96321,25.34271],[78.93501,25.32666],[78.92628,25.34093],[78.88388,25.33939],[78.86376,25.3119],[78.87974,25.28318],[78.849,25.22416],[78.81287,25.26589],[78.81896,25.29478],[78.79054,25.29811],[78.85084,25.32729],[78.84509,25.34708],[78.88216,25.38256],[78.95683,25.39508],[78.93858,25.37205],[78.89987,25.37022],[78.93605,25.34674],[78.98598,25.37095],[78.96765,25.43378],[78.93662,25.42322],[78.9107,25.44181],[78.94316,25.47488],[78.92394,25.51558],[78.94948,25.52598],[78.93834,25.55453],[78.92441,25.53611],[78.91795,25.55414],[78.88191,25.55181],[78.88353,25.51912],[78.83581,25.50479],[78.86462,25.46199],[78.84166,25.42732],[78.82128,25.44116],[78.85319,25.44925],[78.83732,25.46053],[78.79694,25.47833],[78.76394,25.47097],[78.73914,25.49545],[78.73201,25.45813],[78.76243,25.42869],[78.79684,25.43687],[78.8203,25.42529],[78.75046,25.40755],[78.74886,25.39345],[78.76695,25.39694],[78.77165,25.35329],[78.72085,25.34787],[78.71629,25.37362],[78.66512,25.38283],[78.66377,25.41496],[78.67635,25.39872],[78.70871,25.42369],[78.69307,25.44261],[78.65998,25.43882],[78.64093,25.43287],[78.63581,25.40129],[78.61072,25.4119],[78.59551,25.38694],[78.56828,25.39052],[78.58334,25.34679],[78.53225,25.35786],[78.54853,25.32147],[78.53213,25.3014],[78.50728,25.299],[78.49921,25.31869],[78.47405,25.28788],[78.44214,25.29738],[78.43565,25.27571],[78.45139,25.26483],[78.5037,25.28874],[78.57561,25.25352],[78.5696,25.22095],[78.53373,25.18298],[78.44973,25.12374],[78.4251,25.14846],[78.4497,25.15283],[78.45081,25.16751],[78.39218,25.19009],[78.4046,25.21266],[78.36138,25.24097],[78.36909,25.2603],[78.35203,25.29279],[78.3149,25.30583],[78.33818,25.33155],[78.30112,25.36243],[78.30664,25.37856],[78.33725,25.39579],[78.35461,25.4496],[78.38444,25.44315],[78.42784,25.47238],[78.41582,25.52764],[78.43654,25.55857],[78.4624,25.54668],[78.49353,25.57694],[78.58852,25.55904],[78.616,25.5838],[78.656,25.56038],[78.68444,25.58883],[78.81275,25.6193],[78.81894,25.66919],[78.75444,25.74374],[78.78345,25.75616],[78.80728,25.794],[78.82824,25.79405],[78.83002,25.80986],[78.8082,25.80751],[78.81902,25.82474],[78.86968,25.79385],[78.87355,25.82898],[78.85401,25.83339],[78.85444,25.85511],[78.89052,25.86488],[78.88426,25.91025],[78.93538,25.95008],[79.0859,25.91639],[79.05493,25.89184],[79.03079,25.90369],[79.04066,25.86765],[79.07591,25.85922],[79.07804,25.89032],[79.10818,25.89082],[79.09797,25.86127],[79.12719,25.8655],[79.11781,25.82444],[79.1369,25.81239],[79.21363,25.78988],[79.23838,25.80769],[79.26607,25.79233],[79.29591,25.81558],[79.29182,25.79214],[79.32005,25.76953],[79.38715,25.78906],[79.39796,25.79621]]]}},{"type":"Feature","properties":{"DISTRICT":"Jyotiba Phule Nagar","ST_NM":"Uttar Pradesh","ST_CEN_CD":9,"DT_CEN_CD":6,"censuscode":137},"geometry":{"type":"Polygon","coordinates":[[[78.52515,29.06978],[78.572,29.01708],[78.5319,28.9861],[78.54221,28.9696],[78.53013,28.94208],[78.54728,28.92857],[78.58098,28.944],[78.6302,28.9227],[78.65434,28.83992],[78.58635,28.811],[78.58256,28.79648],[78.53695,28.78827],[78.53429,28.77532],[78.44024,28.79635],[78.4205,28.78487],[78.43622,28.75962],[78.41903,28.74515],[78.42168,28.70023],[78.43991,28.68188],[78.43692,28.66296],[78.41566,28.65853],[78.44082,28.60099],[78.43575,28.53305],[78.42191,28.51842],[78.43262,28.48439],[78.41457,28.46279],[78.37962,28.46795],[78.34708,28.43463],[78.31022,28.43434],[78.291,28.40305],[78.28248,28.42713],[78.30495,28.45871],[78.27737,28.46997],[78.27197,28.49009],[78.21993,28.49993],[78.21609,28.54968],[78.22985,28.57314],[78.19302,28.67031],[78.14129,28.72107],[78.10898,28.8729],[78.06169,28.89658],[78.06011,28.94442],[78.09702,28.98387],[78.09865,29.05207],[78.08472,29.06807],[78.10592,29.08345],[78.143,29.07893],[78.16037,29.05398],[78.1837,29.06226],[78.24018,29.04055],[78.34114,29.04884],[78.36691,29.02935],[78.40944,29.03169],[78.46875,29.06625],[78.51639,29.05906],[78.52515,29.06978]]]}},{"type":"Feature","properties":{"DISTRICT":"Kannauj","ST_NM":"Uttar Pradesh","ST_CEN_CD":9,"DT_CEN_CD":29,"censuscode":160},"geometry":{"type":"Polygon","coordinates":[[[79.72586,27.21638],[79.8051,27.16822],[79.85952,27.17283],[79.85878,27.15067],[79.90556,27.14651],[79.92265,27.09764],[79.97308,27.07165],[79.97494,27.03503],[80.01896,26.96425],[80.02078,26.95263],[80.00001,26.96063],[79.98039,26.94674],[79.99466,26.93519],[79.98565,26.92724],[79.96312,26.9503],[79.9447,26.94374],[79.94341,26.87443],[79.96562,26.85971],[79.94639,26.84496],[79.89744,26.84966],[79.89518,26.81225],[79.86027,26.82685],[79.85201,26.80436],[79.86737,26.79646],[79.84679,26.77467],[79.80902,26.78539],[79.77945,26.76951],[79.74341,26.80986],[79.7215,26.80271],[79.65249,26.89322],[79.60255,26.88931],[79.58541,26.86259],[79.56055,26.86066],[79.46011,26.9031],[79.43865,26.941],[79.39392,26.92638],[79.36394,26.9463],[79.34338,26.93114],[79.3198,26.94174],[79.32715,26.96038],[79.35637,26.95869],[79.37212,26.97504],[79.40154,27.04898],[79.43393,27.06678],[79.44025,27.09359],[79.39597,27.09793],[79.39008,27.11587],[79.41126,27.13365],[79.39212,27.1594],[79.41256,27.22563],[79.52201,27.20937],[79.56546,27.15858],[79.61623,27.18747],[79.67056,27.16591],[79.69705,27.21421],[79.72583,27.21638],[79.72586,27.21638]]]}},{"type":"Feature","properties":{"DISTRICT":"Kanpur Dehat","ST_NM":"Uttar Pradesh","ST_CEN_CD":9,"DT_CEN_CD":32,"censuscode":163},"geometry":{"type":"Polygon","coordinates":[[[79.94639,26.84496],[79.96122,26.76142],[80.01812,26.69787],[80.02301,26.60815],[80.06428,26.60611],[80.06995,26.5889],[80.09614,26.59766],[80.09723,26.58429],[80.13473,26.569],[80.13657,26.54732],[80.1557,26.55467],[80.14284,26.53269],[80.17593,26.52746],[80.17601,26.50642],[80.14197,26.49144],[80.15673,26.47078],[80.13195,26.47583],[80.12507,26.45898],[80.13944,26.40287],[80.15319,26.40326],[80.13706,26.39198],[80.15563,26.37899],[80.14016,26.36635],[80.15699,26.35523],[80.16687,26.30418],[80.13105,26.30692],[80.14189,26.27759],[80.11755,26.25635],[80.08692,26.28148],[80.01364,26.26147],[80.00491,26.19348],[80.02262,26.17814],[79.98383,26.15474],[79.93993,26.15783],[79.93921,26.12479],[79.91439,26.08918],[79.86808,26.11447],[79.83903,26.101],[79.79007,26.10684],[79.74495,26.13463],[79.76805,26.18114],[79.65048,26.21071],[79.65221,26.2423],[79.54912,26.27521],[79.52896,26.31437],[79.57498,26.3548],[79.56013,26.36173],[79.52629,26.34256],[79.5037,26.36376],[79.56268,26.40948],[79.57267,26.44913],[79.62355,26.49231],[79.6181,26.50767],[79.63941,26.508],[79.63091,26.54426],[79.64981,26.57037],[79.63802,26.60022],[79.67456,26.61445],[79.72129,26.66109],[79.71671,26.70508],[79.67669,26.74285],[79.72141,26.75098],[79.75916,26.78332],[79.77945,26.76951],[79.80902,26.78539],[79.84173,26.77168],[79.86737,26.79646],[79.85201,26.80436],[79.86027,26.82685],[79.88958,26.81058],[79.89744,26.84966],[79.93833,26.84642],[79.94639,26.84496]]]}},{"type":"Feature","properties":{"DISTRICT":"Kanpur Nagar","ST_NM":"Uttar Pradesh","ST_CEN_CD":9,"DT_CEN_CD":33,"censuscode":164},"geometry":{"type":"Polygon","coordinates":[[[80.00854,26.9523],[80.06759,26.91892],[80.10687,26.87164],[80.11999,26.77539],[80.14128,26.7324],[80.18652,26.68676],[80.23944,26.68568],[80.26724,26.65923],[80.30399,26.6057],[80.29509,26.55989],[80.30981,26.52558],[80.34789,26.48572],[80.40011,26.46431],[80.42244,26.42393],[80.53332,26.35754],[80.56161,26.26458],[80.56706,26.22668],[80.54583,26.22051],[80.54214,26.19905],[80.45016,26.1801],[80.43113,26.15378],[80.40813,26.16102],[80.3244,26.11348],[80.30236,26.06051],[80.27123,26.06059],[80.24803,25.99028],[80.21555,25.96772],[80.2368,25.92245],[80.21427,25.91735],[80.19534,25.94802],[80.08488,25.99857],[80.11434,26.04594],[80.09528,26.07788],[79.99313,26.06685],[79.95715,26.08266],[79.96634,26.15524],[80.02262,26.17814],[80.00491,26.19348],[80.01364,26.26147],[80.08692,26.28148],[80.11755,26.25635],[80.14189,26.27759],[80.13105,26.30692],[80.16723,26.30562],[80.15699,26.35523],[80.14016,26.36635],[80.15563,26.37899],[80.13706,26.39198],[80.15319,26.40326],[80.13944,26.40287],[80.12507,26.45898],[80.13195,26.47583],[80.15673,26.47078],[80.14197,26.49144],[80.17503,26.50417],[80.17593,26.52746],[80.14393,26.53167],[80.1557,26.55467],[80.13657,26.54732],[80.13473,26.569],[80.09723,26.58429],[80.09614,26.59766],[80.06995,26.5889],[80.06428,26.60611],[80.02301,26.60815],[80.01812,26.69787],[79.96122,26.76142],[79.94639,26.84496],[79.96562,26.85971],[79.94341,26.87443],[79.9447,26.94374],[79.96312,26.9503],[79.98565,26.92724],[79.99466,26.93519],[79.98039,26.94674],[80.00647,26.95595],[80.00854,26.9523]]]}},{"type":"Feature","properties":{"DISTRICT":"Kansiram Nagar","ST_NM":"Uttar Pradesh","ST_CEN_CD":9,"DT_CEN_CD":71,"censuscode":202},"geometry":{"type":"Polygon","coordinates":[[[78.65047,28.03882],[78.67153,28.03495],[78.68022,28.00067],[78.72774,27.96106],[78.81782,27.95217],[78.85959,27.91533],[78.88942,27.91678],[78.92318,27.87543],[78.92093,27.85103],[78.96515,27.85067],[78.98724,27.87309],[79.01641,27.85792],[79.00292,27.83997],[79.09932,27.83116],[79.12316,27.84714],[79.14726,27.82925],[79.14295,27.81628],[79.16027,27.82234],[79.17307,27.77241],[79.21331,27.73469],[79.20928,27.70697],[79.13567,27.70257],[79.12451,27.68475],[79.13246,27.63354],[79.18414,27.61331],[79.1776,27.58357],[79.1073,27.55309],[79.02711,27.61022],[79.01719,27.64753],[78.99369,27.66025],[78.97933,27.64852],[78.9834,27.59785],[78.96566,27.56402],[78.94943,27.57122],[78.89104,27.5477],[78.89139,27.58673],[78.85898,27.57808],[78.85985,27.59385],[78.74409,27.63523],[78.69759,27.68583],[78.68717,27.7402],[78.60995,27.74454],[78.60031,27.76932],[78.56677,27.76728],[78.55218,27.78488],[78.5146,27.73993],[78.4756,27.7583],[78.47554,27.80835],[78.50388,27.79845],[78.51825,27.81457],[78.49482,27.85745],[78.53286,27.90904],[78.55222,27.90913],[78.57578,27.93688],[78.60877,28.02975],[78.64469,28.04164],[78.65047,28.03882]]]}},{"type":"Feature","properties":{"DISTRICT":"Kaushambi","ST_NM":"Uttar Pradesh","ST_CEN_CD":9,"DT_CEN_CD":43,"censuscode":174},"geometry":{"type":"Polygon","coordinates":[[[81.61436,25.59285],[81.6489,25.57856],[81.66693,25.51348],[81.72411,25.51138],[81.76016,25.47692],[81.80124,25.47083],[81.82335,25.41144],[81.79546,25.37692],[81.81645,25.34197],[81.80331,25.3227],[81.71843,25.35257],[81.63624,25.3506],[81.53195,25.27749],[81.45998,25.25863],[81.38921,25.27189],[81.40334,25.31469],[81.38662,25.33472],[81.32499,25.3473],[81.26899,25.32382],[81.24971,25.35453],[81.15145,25.39698],[81.15148,25.4255],[81.19266,25.45238],[81.22204,25.44122],[81.23699,25.48204],[81.27059,25.49908],[81.25278,25.51656],[81.263,25.54418],[81.24235,25.58452],[81.21098,25.59637],[81.21666,25.67031],[81.24043,25.67587],[81.206,25.68374],[81.20122,25.71933],[81.2298,25.71536],[81.2513,25.76044],[81.26914,25.75296],[81.31574,25.7722],[81.33679,25.81015],[81.36935,25.77187],[81.40426,25.76238],[81.40274,25.74227],[81.36889,25.71206],[81.38345,25.68856],[81.41933,25.67925],[81.47042,25.63248],[81.53117,25.61914],[81.55819,25.57026],[81.61437,25.59269],[81.61436,25.59285]]]}},{"type":"Feature","properties":{"DISTRICT":"Kheri","ST_NM":"Uttar Pradesh","ST_CEN_CD":9,"DT_CEN_CD":22,"censuscode":153},"geometry":{"type":"Polygon","coordinates":[[[81.05821,28.40383],[81.03693,28.37241],[81.06152,28.34276],[81.0361,28.28933],[81.06203,28.27056],[81.06883,28.23534],[81.18658,28.11631],[81.1587,28.06785],[81.167,28.04467],[81.30675,27.90735],[81.27913,27.88401],[81.3083,27.82049],[81.2808,27.80564],[81.29577,27.78638],[81.28439,27.76487],[81.30609,27.7179],[81.30346,27.68116],[81.25263,27.67729],[81.27057,27.70181],[81.24599,27.7289],[81.21542,27.71468],[81.18476,27.73599],[81.22985,27.76026],[81.18149,27.78541],[81.14993,27.78219],[81.14501,27.80708],[81.10985,27.78941],[81.07218,27.82538],[81.0402,27.81313],[80.98812,27.82843],[81.00986,27.88033],[80.9743,27.89112],[80.97847,27.90573],[80.93184,27.84403],[80.90783,27.833],[80.89664,27.85163],[80.84738,27.8225],[80.82873,27.79087],[80.79078,27.81734],[80.74768,27.80995],[80.74306,27.78729],[80.66942,27.83087],[80.65424,27.81529],[80.64119,27.83896],[80.60628,27.74982],[80.56647,27.74844],[80.51982,27.80823],[80.49026,27.77257],[80.47288,27.77557],[80.46462,27.75787],[80.44942,27.77169],[80.45104,27.74822],[80.41577,27.74253],[80.39148,27.713],[80.31223,27.67862],[80.28023,27.71022],[80.28502,27.7358],[80.27378,27.72756],[80.25283,27.75513],[80.23645,27.75107],[80.24277,27.76084],[80.22399,27.76307],[80.23358,27.77006],[80.20171,27.77522],[80.19319,27.75981],[80.15837,27.7704],[80.13216,27.74964],[80.13673,27.77721],[80.09171,27.78431],[80.06297,27.77025],[80.04582,27.81206],[80.05463,27.82349],[80.03454,27.82942],[80.05787,27.85309],[80.03182,27.88208],[80.02545,27.91877],[80.08211,27.92665],[80.12358,27.99626],[80.15905,28.00171],[80.24794,28.05636],[80.25957,28.08423],[80.25106,28.1505],[80.30193,28.15197],[80.30702,28.25853],[80.37118,28.34262],[80.34828,28.4071],[80.30104,28.45334],[80.32402,28.48106],[80.37633,28.45984],[80.43347,28.50257],[80.38712,28.55904],[80.38088,28.5921],[80.30374,28.61652],[80.32854,28.67445],[80.37216,28.63328],[80.43301,28.63893],[80.46217,28.62426],[80.47191,28.58807],[80.52276,28.55755],[80.53311,28.56861],[80.50867,28.66579],[80.54603,28.68951],[80.5826,28.68359],[80.5941,28.64606],[80.66886,28.63983],[80.70266,28.57535],[80.77136,28.56525],[80.78711,28.52452],[80.86593,28.49218],[80.86469,28.50487],[80.89229,28.50453],[80.90962,28.49385],[80.9024,28.46097],[80.94231,28.4662],[80.93932,28.45105],[80.97837,28.45087],[80.97219,28.43462],[81.01386,28.44801],[81.01657,28.4333],[81.03979,28.42981],[81.02237,28.41045],[81.05399,28.40669],[81.05821,28.40383]]]}},{"type":"Feature","properties":{"DISTRICT":"Kushinagar","ST_NM":"Uttar Pradesh","ST_CEN_CD":9,"DT_CEN_CD":58,"censuscode":189},"geometry":{"type":"Polygon","coordinates":[[[83.9081,27.27576],[83.91193,27.24892],[83.96447,27.23187],[83.99504,27.17865],[83.9608,27.13777],[83.95066,27.08653],[84.02147,27.10184],[84.03054,27.09245],[84.00056,27.06555],[84.05058,27.0417],[84.04018,27.00885],[84.05922,26.98786],[84.04612,26.98108],[84.05632,26.95901],[84.03455,26.93979],[84.05728,26.92893],[84.06159,26.88882],[84.09959,26.87431],[84.11021,26.898],[84.1504,26.88478],[84.14116,26.85289],[84.17842,26.83177],[84.21873,26.86824],[84.25061,26.85973],[84.26173,26.80601],[84.234,26.75444],[84.24335,26.7369],[84.25674,26.72667],[84.30739,26.75067],[84.33494,26.68174],[84.41148,26.66876],[84.4236,26.62476],[84.31189,26.61497],[84.28144,26.59685],[84.15783,26.62512],[84.16133,26.63588],[84.09109,26.64017],[84.09181,26.59694],[84.055,26.54844],[83.9669,26.62709],[83.96101,26.6713],[83.90694,26.69106],[83.88666,26.73746],[83.84289,26.75703],[83.8361,26.74266],[83.81235,26.74664],[83.7917,26.70713],[83.69702,26.68115],[83.69953,26.69701],[83.68334,26.69996],[83.65499,26.65813],[83.63167,26.65701],[83.61191,26.73485],[83.6203,26.75315],[83.5862,26.76114],[83.59311,26.79408],[83.52899,26.85926],[83.57158,26.93276],[83.60722,26.91141],[83.6267,26.92999],[83.62299,26.9549],[83.7286,26.95318],[83.73688,26.99055],[83.76955,27.00058],[83.75006,27.00836],[83.75347,27.03508],[83.73041,27.05439],[83.76497,27.05267],[83.76643,27.0733],[83.7469,27.07512],[83.80357,27.11095],[83.8121,27.16578],[83.82642,27.17542],[83.78212,27.16523],[83.81032,27.18471],[83.80011,27.2146],[83.82006,27.20012],[83.83185,27.21072],[83.79586,27.24485],[83.84723,27.24927],[83.84472,27.28754],[83.87715,27.29751],[83.90036,27.28297],[83.9081,27.27576]]]}},{"type":"Feature","properties":{"DISTRICT":"Lalitpur","ST_NM":"Uttar Pradesh","ST_CEN_CD":9,"DT_CEN_CD":36,"censuscode":167},"geometry":{"type":"Polygon","coordinates":[[[78.98875,24.44288],[78.97356,24.34937],[78.91436,24.29696],[78.91829,24.27225],[78.88563,24.24977],[78.88537,24.21884],[78.83071,24.19708],[78.81998,24.20605],[78.80867,24.17769],[78.791,24.18092],[78.76672,24.2542],[78.75229,24.23499],[78.73864,24.24952],[78.70521,24.23018],[78.67546,24.2407],[78.66079,24.2694],[78.62804,24.28189],[78.62915,24.30547],[78.58476,24.35264],[78.51166,24.38947],[78.47402,24.33489],[78.44646,24.32107],[78.44093,24.29323],[78.38844,24.2695],[78.33207,24.32514],[78.36709,24.38127],[78.27297,24.44278],[78.27573,24.47157],[78.24572,24.48483],[78.24627,24.50494],[78.22264,24.52698],[78.26504,24.55352],[78.27608,24.61066],[78.26293,24.64389],[78.27474,24.66236],[78.22668,24.74256],[78.23214,24.77174],[78.21529,24.80821],[78.17164,24.84328],[78.17169,24.87684],[78.33414,24.9946],[78.33935,25.08821],[78.40209,25.1255],[78.4562,25.12666],[78.5696,25.22095],[78.60069,25.15238],[78.60409,25.09289],[78.64887,25.05654],[78.62889,24.96003],[78.64734,24.9355],[78.66056,24.93936],[78.67523,24.89758],[78.77136,24.8566],[78.78738,24.81025],[78.77138,24.79028],[78.77915,24.69949],[78.74677,24.65534],[78.75614,24.6004],[78.78358,24.58853],[78.83553,24.60326],[78.87987,24.64238],[78.95147,24.55174],[78.95094,24.50508],[78.97317,24.49254],[78.93747,24.48013],[78.92433,24.49807],[78.90934,24.47395],[78.95113,24.43889],[78.97858,24.44036],[78.98875,24.44288]]]}},{"type":"Feature","properties":{"DISTRICT":"Lucknow","ST_NM":"Uttar Pradesh","ST_CEN_CD":9,"DT_CEN_CD":26,"censuscode":157},"geometry":{"type":"Polygon","coordinates":[[[81.166,26.59254],[81.12292,26.55743],[81.10014,26.55975],[81.04742,26.5015],[80.93692,26.56762],[80.92667,26.59165],[80.89194,26.59786],[80.89227,26.62156],[80.87716,26.61419],[80.88314,26.6313],[80.84284,26.66302],[80.79454,26.64635],[80.75705,26.68616],[80.72941,26.65586],[80.69735,26.6857],[80.71769,26.69965],[80.69148,26.75606],[80.73189,26.75442],[80.7557,26.77384],[80.73771,26.77566],[80.69375,26.85002],[80.62791,26.88053],[80.64114,26.90303],[80.62371,26.9088],[80.60935,26.94405],[80.58177,26.92556],[80.56091,26.93635],[80.57105,26.95482],[80.59555,26.9549],[80.60014,26.98389],[80.56049,27.01078],[80.58817,27.02649],[80.58076,27.03436],[80.65666,27.06221],[80.64681,27.07855],[80.70114,27.0601],[80.73479,27.09962],[80.76548,27.08894],[80.791,27.11093],[80.8308,27.09952],[80.92931,27.15897],[80.95697,27.13903],[81.01214,27.14055],[81.02302,27.10303],[81.05608,27.08528],[81.01743,27.06489],[80.9841,27.06944],[80.97846,27.03535],[81.001,27.03795],[80.99634,27.00829],[81.0305,26.98533],[81.02554,26.97238],[81.06546,26.96765],[81.04334,26.93869],[81.07545,26.90849],[81.09578,26.91454],[81.09396,26.83779],[81.13054,26.83432],[81.14109,26.81443],[81.17084,26.80735],[81.1641,26.77316],[81.19371,26.7916],[81.21658,26.78228],[81.18863,26.76147],[81.219,26.70605],[81.16729,26.6432],[81.18387,26.61868],[81.16473,26.5961],[81.166,26.59254]]]}},{"type":"Feature","properties":{"DISTRICT":"Mahamaya Nagar","ST_NM":"Uttar Pradesh","ST_CEN_CD":9,"DT_CEN_CD":13,"censuscode":144},"geometry":{"type":"Polygon","coordinates":[[[78.47875,27.8076],[78.4756,27.7583],[78.52832,27.7236],[78.50774,27.70479],[78.5187,27.69387],[78.50558,27.68473],[78.51537,27.66834],[78.50058,27.61664],[78.47108,27.61863],[78.41629,27.58048],[78.39723,27.588],[78.36348,27.55913],[78.36307,27.57377],[78.33386,27.58262],[78.31434,27.54326],[78.28029,27.55482],[78.27323,27.52557],[78.2142,27.52344],[78.1801,27.4326],[78.20058,27.43297],[78.19803,27.4028],[78.17946,27.40883],[78.1739,27.38754],[78.13667,27.36477],[78.08211,27.39196],[78.06106,27.38151],[78.05189,27.36899],[78.08795,27.35289],[78.07248,27.33506],[78.04708,27.34742],[78.01343,27.32118],[77.98414,27.32531],[77.99036,27.28376],[77.96923,27.26695],[77.96156,27.29413],[77.95054,27.28273],[77.90371,27.32298],[77.899,27.35839],[77.91913,27.37373],[77.9103,27.40917],[77.93444,27.41298],[77.90277,27.44077],[77.94223,27.48448],[77.87956,27.53383],[77.9058,27.55333],[77.90003,27.58627],[77.95469,27.61124],[77.96713,27.59459],[78.00518,27.6073],[77.99414,27.62103],[78.01811,27.677],[78.00615,27.70257],[78.01228,27.73231],[78.02566,27.73496],[78.02395,27.7715],[78.06996,27.78777],[78.08842,27.76898],[78.21803,27.76094],[78.20423,27.73018],[78.25967,27.67653],[78.33341,27.73409],[78.3756,27.74445],[78.44851,27.81783],[78.46595,27.82746],[78.47841,27.80808],[78.47875,27.8076]]]}},{"type":"Feature","properties":{"DISTRICT":"Maharajganj","ST_NM":"Uttar Pradesh","ST_CEN_CD":9,"DT_CEN_CD":56,"censuscode":187},"geometry":{"type":"Polygon","coordinates":[[[83.86656,27.34491],[83.83909,27.31945],[83.86477,27.30794],[83.91815,27.32713],[83.93573,27.30096],[83.9081,27.27576],[83.87715,27.29751],[83.84472,27.28754],[83.84723,27.24927],[83.79586,27.24485],[83.83185,27.21072],[83.82006,27.20012],[83.80011,27.2146],[83.81032,27.18471],[83.78212,27.16523],[83.82642,27.17542],[83.8121,27.16578],[83.80357,27.11095],[83.7469,27.07512],[83.76643,27.0733],[83.76497,27.05267],[83.73041,27.05439],[83.75347,27.03508],[83.75006,27.00836],[83.76955,27.00058],[83.73688,26.99055],[83.72405,26.95105],[83.6824,26.96321],[83.6806,26.94581],[83.62299,26.9549],[83.6267,26.92999],[83.60722,26.91141],[83.57158,26.93276],[83.54469,26.88041],[83.4784,26.92316],[83.4735,26.95003],[83.44661,26.96129],[83.44249,26.9794],[83.36193,26.96818],[83.33137,26.98097],[83.40363,27.08764],[83.37806,27.07624],[83.34148,27.09127],[83.31757,27.04948],[83.28463,27.05008],[83.2752,27.06692],[83.17774,27.08749],[83.1633,27.12867],[83.12353,27.15616],[83.14961,27.1676],[83.16927,27.14501],[83.1793,27.19654],[83.16747,27.21763],[83.21862,27.24229],[83.21459,27.26525],[83.25198,27.2833],[83.24435,27.2986],[83.2704,27.32572],[83.34127,27.33352],[83.39115,27.37268],[83.40586,27.39855],[83.39096,27.42848],[83.4021,27.47796],[83.6136,27.46893],[83.86432,27.34574],[83.86656,27.34491]]]}},{"type":"Feature","properties":{"DISTRICT":"Mahoba","ST_NM":"Uttar Pradesh","ST_CEN_CD":9,"DT_CEN_CD":38,"censuscode":169},"geometry":{"type":"MultiPolygon","coordinates":[[[[80.00761,25.59449],[80.02598,25.58832],[80.01471,25.5539],[79.98275,25.53577],[80.00801,25.52003],[79.99706,25.49122],[80.0356,25.49168],[80.02747,25.43618],[80.15017,25.39763],[80.13445,25.39803],[80.14158,25.38373],[80.10422,25.34701],[80.02883,25.33855],[80.00474,25.26409],[79.95057,25.26729],[79.92141,25.22887],[79.91035,25.25232],[79.85506,25.23559],[79.87996,25.14577],[79.85549,25.12887],[79.86371,25.094],[79.75343,25.1393],[79.6739,25.1225],[79.62775,25.13802],[79.60558,25.12679],[79.61052,25.1501],[79.5974,25.14261],[79.57323,25.17285],[79.49746,25.07809],[79.46811,25.09165],[79.476,25.12974],[79.44394,25.10312],[79.43351,25.13368],[79.41674,25.11094],[79.39836,25.11317],[79.38764,25.14896],[79.41573,25.20273],[79.44341,25.19989],[79.45007,25.21617],[79.43468,25.22025],[79.44624,25.24347],[79.4669,25.26464],[79.49814,25.26554],[79.46515,25.27905],[79.42299,25.25439],[79.37511,25.28945],[79.36594,25.25867],[79.35738,25.28355],[79.33841,25.28917],[79.35228,25.32953],[79.3024,25.33528],[79.28416,25.3221],[79.27708,25.33704],[79.29954,25.37596],[79.34038,25.4018],[79.33269,25.43131],[79.36832,25.46224],[79.36258,25.48526],[79.389,25.52184],[79.5308,25.48177],[79.56444,25.49126],[79.56641,25.47654],[79.60011,25.49734],[79.64234,25.48419],[79.64126,25.50646],[79.6664,25.51286],[79.66082,25.5504],[79.6936,25.54688],[79.71415,25.56643],[79.74352,25.54669],[79.74174,25.52285],[79.75555,25.51662],[79.76312,25.53605],[79.80924,25.49718],[79.82438,25.54699],[79.85756,25.54546],[79.87143,25.57548],[79.94824,25.59567],[79.95299,25.64197],[80.0002,25.60608],[80.00761,25.59449]]],[[[79.36727,25.12704],[79.42415,25.05683],[79.41314,25.03364],[79.37561,25.05034],[79.35949,25.03983],[79.35394,25.06731],[79.38219,25.06545],[79.38116,25.09902],[79.35274,25.11598],[79.36173,25.14067],[79.37614,25.14098],[79.36692,25.12871],[79.36727,25.12704]]],[[[79.36914,25.17044],[79.36009,25.18464],[79.37393,25.17772],[79.36914,25.17044]]]]}},{"type":"Feature","properties":{"DISTRICT":"Mainpuri","ST_NM":"Uttar Pradesh","ST_CEN_CD":9,"DT_CEN_CD":17,"censuscode":148},"geometry":{"type":"Polygon","coordinates":[[[79.25083,27.33062],[79.26859,27.30499],[79.28988,27.30443],[79.28949,27.28187],[79.3206,27.28662],[79.31555,27.24639],[79.33937,27.21549],[79.36361,27.22149],[79.39472,27.19682],[79.39212,27.1594],[79.41182,27.13752],[79.39086,27.12042],[79.39597,27.09793],[79.44025,27.09359],[79.35637,26.95869],[79.27496,26.99023],[79.19993,26.97329],[79.18411,27.00602],[79.09545,26.99954],[79.09016,26.97898],[79.0645,26.9894],[79.00001,26.93048],[78.9322,26.98442],[78.92018,26.9644],[78.86618,26.96084],[78.85405,26.97356],[78.81823,26.95572],[78.83055,26.9823],[78.80077,26.98493],[78.78044,27.04985],[78.78744,27.12317],[78.81934,27.13876],[78.78084,27.16665],[78.76071,27.2088],[78.77439,27.22913],[78.74374,27.25085],[78.74736,27.26908],[78.71337,27.28397],[78.73497,27.29452],[78.73386,27.33571],[78.75461,27.3459],[78.775,27.33482],[78.83648,27.36094],[78.85527,27.39006],[78.83973,27.40947],[78.89075,27.46942],[78.93894,27.4494],[78.95952,27.41916],[79.00001,27.43259],[79.06352,27.4171],[79.1096,27.43227],[79.1469,27.37666],[79.17085,27.37938],[79.21631,27.32896],[79.25017,27.32903],[79.25083,27.33062]]]}},{"type":"Feature","properties":{"DISTRICT":"Mathura","ST_NM":"Uttar Pradesh","ST_CEN_CD":9,"DT_CEN_CD":14,"censuscode":145},"geometry":{"type":"Polygon","coordinates":[[[77.89762,27.58385],[77.90848,27.56117],[77.87942,27.52506],[77.94223,27.48448],[77.90277,27.44077],[77.93444,27.41298],[77.9103,27.40917],[77.91913,27.37373],[77.899,27.35839],[77.90371,27.32298],[77.95034,27.2838],[77.93335,27.26698],[77.93955,27.2371],[77.91162,27.2383],[77.91045,27.28709],[77.88288,27.29545],[77.86778,27.28562],[77.88525,27.26737],[77.87236,27.24847],[77.84787,27.29022],[77.79312,27.25566],[77.78358,27.23378],[77.70152,27.25179],[77.6473,27.2414],[77.62123,27.25457],[77.60009,27.29483],[77.62195,27.30902],[77.62261,27.33766],[77.58299,27.321],[77.5057,27.37566],[77.4403,27.39351],[77.42361,27.41971],[77.43809,27.45639],[77.4049,27.47217],[77.39094,27.5109],[77.34364,27.52441],[77.33894,27.56549],[77.35871,27.58778],[77.31981,27.60609],[77.35101,27.64741],[77.34527,27.69057],[77.30633,27.71309],[77.3211,27.73309],[77.313,27.78242],[77.28461,27.80099],[77.34829,27.85398],[77.42142,27.85342],[77.41059,27.87626],[77.42137,27.89051],[77.45127,27.87282],[77.46758,27.87963],[77.48163,27.89553],[77.47792,27.92724],[77.49396,27.93823],[77.56432,27.91254],[77.58973,27.93441],[77.62253,27.93296],[77.65592,27.96395],[77.67868,27.9416],[77.73727,27.92994],[77.76527,27.9007],[77.7716,27.8691],[77.80905,27.86064],[77.78377,27.83969],[77.81605,27.81311],[77.83479,27.7551],[77.80178,27.74314],[77.79413,27.68414],[77.85092,27.65325],[77.86983,27.57642],[77.89717,27.58441],[77.89762,27.58385]]]}},{"type":"Feature","properties":{"DISTRICT":"Mau","ST_NM":"Uttar Pradesh","ST_CEN_CD":9,"DT_CEN_CD":61,"censuscode":192},"geometry":{"type":"Polygon","coordinates":[[[83.31148,25.85375],[83.32169,25.88737],[83.37526,25.92173],[83.33246,25.93305],[83.32425,25.94881],[83.34458,25.99341],[83.32642,26.0319],[83.38724,26.04791],[83.3848,26.08454],[83.42279,26.10967],[83.40994,26.16765],[83.4712,26.2582],[83.53437,26.27706],[83.57902,26.24886],[83.61818,26.24539],[83.60928,26.23225],[83.62887,26.21775],[83.74672,26.26193],[83.79044,26.22953],[83.81274,26.18519],[83.78133,26.16045],[83.80772,26.13922],[83.79544,26.10776],[83.73754,26.08313],[83.71462,26.09505],[83.68266,26.07532],[83.67745,26.02344],[83.68936,26.00949],[83.77446,26.00154],[83.77756,25.97779],[83.79759,25.9865],[83.78372,25.94813],[83.79852,25.92264],[83.73913,25.86099],[83.72058,25.85424],[83.72634,25.86649],[83.68784,25.86806],[83.64836,25.89419],[83.63426,25.86619],[83.5967,25.88255],[83.50821,25.8635],[83.48049,25.8374],[83.4633,25.8495],[83.40805,25.83999],[83.37551,25.79774],[83.31537,25.85363],[83.31148,25.85375]]]}},{"type":"Feature","properties":{"DISTRICT":"Meerut","ST_NM":"Uttar Pradesh","ST_CEN_CD":9,"DT_CEN_CD":7,"censuscode":138},"geometry":{"type":"Polygon","coordinates":[[[78.13718,29.2534],[78.12601,29.2176],[78.14267,29.18],[78.11178,29.14807],[78.1161,29.09718],[78.08472,29.06807],[78.09865,29.05207],[78.09702,28.98387],[78.0587,28.93709],[78.06366,28.8926],[78.10424,28.87776],[78.11599,28.85631],[78.03465,28.86316],[77.93548,28.83648],[77.92712,28.85478],[77.87283,28.86363],[77.86812,28.79455],[77.84616,28.80248],[77.79252,28.78592],[77.78225,28.76132],[77.72826,28.73627],[77.69957,28.74099],[77.69088,28.75788],[77.71815,28.80897],[77.69319,28.87496],[77.59723,28.87462],[77.58687,28.89278],[77.46179,28.90558],[77.47717,28.9605],[77.45016,29.0318],[77.4596,29.0672],[77.43355,29.09069],[77.44695,29.12108],[77.48016,29.14346],[77.47704,29.18309],[77.49914,29.17936],[77.59092,29.26149],[77.62553,29.24724],[77.6404,29.22285],[77.66513,29.24999],[77.6851,29.2458],[77.69381,29.2234],[77.75051,29.21439],[77.78434,29.19539],[77.78211,29.18037],[77.85247,29.19764],[77.8688,29.22241],[77.92661,29.2086],[77.94419,29.2305],[77.99114,29.23419],[78.0372,29.2618],[78.1197,29.25449],[78.13718,29.2534]]]}},{"type":"Feature","properties":{"DISTRICT":"Mirzapur","ST_NM":"Uttar Pradesh","ST_CEN_CD":9,"DT_CEN_CD":68,"censuscode":199},"geometry":{"type":"Polygon","coordinates":[[[83.03414,25.24148],[83.12792,25.18734],[83.18373,25.17528],[83.1676,25.13529],[83.12957,25.12429],[83.12972,25.05808],[83.05926,25.05801],[83.07613,25.01438],[83.06734,24.92864],[83.0954,24.83679],[83.11865,24.84006],[83.12918,24.82544],[83.11341,24.81556],[83.05753,24.79914],[83.04608,24.81793],[83.017,24.81469],[83.03068,24.8369],[83.01438,24.84924],[83.01064,24.90542],[82.98647,24.89397],[82.95498,24.83758],[82.92677,24.85644],[82.90688,24.83446],[82.80857,24.85167],[82.75275,24.82082],[82.70352,24.82799],[82.70211,24.8088],[82.65916,24.78466],[82.62734,24.78821],[82.63449,24.82137],[82.6138,24.81151],[82.58285,24.83028],[82.54749,24.80784],[82.55612,24.7411],[82.53766,24.73588],[82.55,24.6946],[82.52657,24.67617],[82.457,24.67567],[82.45301,24.69412],[82.42832,24.70297],[82.40977,24.68153],[82.42269,24.60423],[82.39376,24.5952],[82.34319,24.62069],[82.30205,24.61145],[82.30458,24.66767],[82.28668,24.67851],[82.23809,24.66724],[82.25187,24.77325],[82.24657,24.75193],[82.22915,24.76454],[82.23101,24.74925],[82.2077,24.74956],[82.22194,24.72619],[82.18109,24.73705],[82.20388,24.76122],[82.19759,24.77973],[82.2177,24.77896],[82.21696,24.79522],[82.18725,24.80207],[82.20422,24.82192],[82.16763,24.78967],[82.14048,24.80186],[82.12042,24.78963],[82.08427,24.83269],[82.12009,24.84695],[82.10343,24.86475],[82.13395,24.8749],[82.13549,24.90206],[82.16901,24.89053],[82.21126,24.93835],[82.23033,24.93565],[82.24181,24.96346],[82.26815,24.96934],[82.30675,25.02172],[82.29678,25.05219],[82.32656,25.08552],[82.30442,25.10941],[82.30177,25.15646],[82.27026,25.1624],[82.28807,25.19934],[82.24088,25.22093],[82.2722,25.27259],[82.30835,25.26477],[82.32725,25.21795],[82.34801,25.20924],[82.39067,25.26123],[82.4509,25.22057],[82.4763,25.24683],[82.55714,25.23912],[82.58642,25.25117],[82.61454,25.24512],[82.6365,25.21838],[82.6447,25.25791],[82.67206,25.24822],[82.71075,25.26264],[82.75282,25.24063],[82.76241,25.26779],[82.77996,25.27131],[82.78173,25.22965],[82.78594,25.24844],[82.82185,25.25382],[82.80511,25.223],[82.81672,25.20636],[82.78431,25.20476],[82.8027,25.18988],[82.79372,25.17909],[82.80536,25.17252],[82.8163,25.18734],[82.8477,25.16678],[82.90182,25.21561],[83.00221,25.20271],[83.03196,25.2418],[83.03414,25.24148]]]}},{"type":"Feature","properties":{"DISTRICT":"Moradabad","ST_NM":"Uttar Pradesh","ST_CEN_CD":9,"DT_CEN_CD":4,"censuscode":135},"geometry":{"type":"Polygon","coordinates":[[[78.77067,29.28067],[78.82579,29.24628],[78.86465,29.25529],[78.91112,29.19655],[78.9123,29.14457],[78.97275,29.15555],[78.96927,29.1215],[78.94925,29.10353],[78.95963,29.092],[78.93522,29.07947],[78.94714,29.02043],[78.90411,28.98038],[78.88492,28.98109],[78.88409,28.96064],[78.90369,28.93852],[78.88784,28.8975],[78.91052,28.86328],[78.94711,28.84985],[78.94174,28.83214],[78.97226,28.82526],[78.95176,28.78154],[78.97574,28.76321],[78.95279,28.74409],[78.94602,28.71285],[78.8794,28.69044],[78.86039,28.72561],[78.84677,28.72415],[78.83923,28.66015],[78.93765,28.56253],[78.92736,28.5399],[78.94072,28.51289],[78.92037,28.47943],[78.87077,28.48088],[78.8458,28.45536],[78.80539,28.44982],[78.78747,28.40416],[78.7627,28.41032],[78.75507,28.37642],[78.70704,28.37681],[78.68031,28.34601],[78.63876,28.33317],[78.52549,28.35784],[78.49363,28.38032],[78.49446,28.41495],[78.45768,28.43631],[78.45624,28.45517],[78.41457,28.46279],[78.43262,28.48439],[78.42191,28.51842],[78.4409,28.59447],[78.41566,28.65853],[78.43692,28.66296],[78.43991,28.68188],[78.42168,28.70023],[78.41903,28.74515],[78.43622,28.75962],[78.4205,28.78487],[78.44024,28.79635],[78.53429,28.77532],[78.53695,28.78827],[78.65271,28.83652],[78.6302,28.9227],[78.58098,28.944],[78.54728,28.92857],[78.53013,28.94208],[78.54221,28.9696],[78.5319,28.9861],[78.572,29.01708],[78.52515,29.06978],[78.61654,29.09174],[78.62126,29.11528],[78.66434,29.14379],[78.63862,29.16125],[78.70254,29.20715],[78.69982,29.21778],[78.67915,29.20881],[78.69667,29.25641],[78.76724,29.28027],[78.77067,29.28067]]]}},{"type":"Feature","properties":{"DISTRICT":"Muzaffarnagar","ST_NM":"Uttar Pradesh","ST_CEN_CD":9,"DT_CEN_CD":2,"censuscode":133},"geometry":{"type":"Polygon","coordinates":[[[78.00001,29.54025],[77.99635,29.48183],[78.06255,29.41112],[78.05105,29.37727],[78.10984,29.32371],[78.13718,29.2534],[78.0372,29.2618],[77.99114,29.23419],[77.94419,29.2305],[77.92661,29.2086],[77.8688,29.22241],[77.85247,29.19764],[77.78211,29.18037],[77.78434,29.19539],[77.75051,29.21439],[77.69381,29.2234],[77.6851,29.2458],[77.66513,29.24999],[77.6404,29.22285],[77.62553,29.24724],[77.59092,29.26149],[77.51109,29.18923],[77.41067,29.24506],[77.35523,29.23926],[77.25413,29.27856],[77.19931,29.27552],[77.15331,29.29641],[77.16502,29.33039],[77.13475,29.33992],[77.1278,29.36754],[77.15794,29.38472],[77.13704,29.4056],[77.15062,29.43707],[77.12554,29.45686],[77.1312,29.49234],[77.09782,29.52331],[77.12111,29.54804],[77.09708,29.5959],[77.1429,29.65808],[77.13718,29.69202],[77.20274,29.67958],[77.22301,29.69547],[77.34171,29.64509],[77.43281,29.64961],[77.45337,29.67106],[77.48613,29.65541],[77.50099,29.62542],[77.53341,29.62022],[77.53873,29.63348],[77.62496,29.61298],[77.66174,29.56105],[77.69682,29.61444],[77.74416,29.6038],[77.82315,29.66703],[77.9512,29.70924],[77.9642,29.69984],[77.95759,29.6817],[77.98436,29.67014],[77.98892,29.60846],[77.96395,29.61048],[77.95933,29.58485],[77.99582,29.58246],[77.99085,29.54853],[78.00001,29.54025]]]}},{"type":"Feature","properties":{"DISTRICT":"Pilibhit","ST_NM":"Uttar Pradesh","ST_CEN_CD":9,"DT_CEN_CD":20,"censuscode":151},"geometry":{"type":"Polygon","coordinates":[[[80.07035,28.82923],[80.13339,28.82214],[80.21069,28.75992],[80.26627,28.75038],[80.2748,28.71232],[80.32384,28.69495],[80.30374,28.61652],[80.38088,28.5921],[80.38712,28.55904],[80.43347,28.50257],[80.37633,28.45984],[80.32402,28.48106],[80.30104,28.45334],[80.24202,28.45273],[80.25183,28.40811],[80.23409,28.38324],[80.20457,28.3808],[80.18837,28.34488],[80.15639,28.38096],[80.12898,28.38764],[80.10013,28.38034],[80.07245,28.33216],[80.01444,28.36224],[80.00794,28.34463],[79.95451,28.32953],[79.94189,28.31088],[79.96522,28.16756],[79.95552,28.11686],[79.9067,28.14014],[79.86282,28.13811],[79.88743,28.17793],[79.84042,28.20858],[79.83148,28.23938],[79.8108,28.23678],[79.82171,28.19952],[79.80249,28.1685],[79.78166,28.1598],[79.7459,28.18496],[79.72444,28.17956],[79.73456,28.19569],[79.71438,28.20501],[79.73651,28.22921],[79.7069,28.23429],[79.68516,28.26307],[79.71177,28.26438],[79.71066,28.28652],[79.67325,28.31694],[79.70288,28.37251],[79.67187,28.39127],[79.70495,28.41807],[79.72305,28.41301],[79.72782,28.4602],[79.74039,28.44245],[79.75742,28.45032],[79.74437,28.46593],[79.74859,28.50458],[79.7175,28.53105],[79.69035,28.52307],[79.69256,28.55584],[79.66291,28.55455],[79.67553,28.58272],[79.65348,28.58477],[79.64564,28.60301],[79.61253,28.59276],[79.59972,28.61595],[79.62941,28.70902],[79.67263,28.74346],[79.64254,28.85276],[79.678,28.84223],[79.72404,28.87459],[79.78635,28.88574],[79.8205,28.85674],[79.79513,28.79934],[79.82771,28.80618],[79.83631,28.83871],[79.86591,28.83821],[79.88746,28.81227],[79.85804,28.81523],[79.85234,28.80259],[79.91311,28.79606],[79.90072,28.77971],[79.93412,28.72665],[79.97955,28.70956],[80.01462,28.7209],[80.04657,28.75718],[80.04596,28.80378],[80.07035,28.82923]]]}},{"type":"Feature","properties":{"DISTRICT":"Pratapgarh","ST_NM":"Uttar Pradesh","ST_CEN_CD":9,"DT_CEN_CD":42,"censuscode":173},"geometry":{"type":"Polygon","coordinates":[[[82.43233,26.00882],[82.4368,25.98128],[82.371,25.98158],[82.34786,25.95978],[82.39355,25.93426],[82.39464,25.90953],[82.34663,25.91495],[82.29643,25.89173],[82.27881,25.84212],[82.21849,25.83828],[82.20724,25.81941],[82.17858,25.82475],[82.1832,25.80189],[82.16973,25.79019],[82.19691,25.76508],[82.1857,25.76213],[82.1893,25.71133],[82.16095,25.68018],[82.12425,25.68105],[82.11066,25.65406],[82.06154,25.65921],[82.06736,25.67899],[82.01236,25.69678],[82.04,25.72331],[82.01342,25.74553],[81.97759,25.73508],[81.93189,25.7514],[81.91759,25.71388],[81.88998,25.71087],[81.8467,25.73115],[81.82516,25.72531],[81.82755,25.74179],[81.79327,25.74877],[81.75477,25.73353],[81.75088,25.66852],[81.6972,25.66704],[81.7227,25.65991],[81.72719,25.62487],[81.68513,25.631],[81.65971,25.61195],[81.63602,25.63441],[81.64287,25.66197],[81.60907,25.66728],[81.60428,25.64859],[81.62226,25.64221],[81.60729,25.6128],[81.61437,25.59269],[81.56943,25.56789],[81.53117,25.61914],[81.47042,25.63248],[81.41933,25.67925],[81.37331,25.69724],[81.36889,25.71206],[81.40274,25.74227],[81.40426,25.76238],[81.36935,25.77187],[81.33979,25.80324],[81.35389,25.83286],[81.3272,25.85677],[81.33517,25.87001],[81.37436,25.86787],[81.37517,25.8851],[81.44439,25.91777],[81.44765,25.93698],[81.48772,25.93093],[81.50907,25.94986],[81.49249,25.9626],[81.50623,25.973],[81.52502,25.95528],[81.57163,25.97326],[81.59586,25.9662],[81.55854,26.00084],[81.56753,26.02878],[81.53939,26.02498],[81.54118,26.04305],[81.51867,26.03642],[81.53597,26.06235],[81.5491,26.05496],[81.56911,26.07307],[81.53947,26.10032],[81.54342,26.12222],[81.59897,26.14203],[81.61945,26.1783],[81.6538,26.1456],[81.64827,26.12802],[81.68487,26.11711],[81.68824,26.07613],[81.71791,26.06486],[81.7245,26.09282],[81.74235,26.08573],[81.77035,26.06785],[81.78694,26.02628],[81.80374,26.04724],[81.83248,26.03612],[81.86154,26.04604],[81.88503,26.08034],[81.9329,26.05173],[81.94072,26.07407],[81.96541,26.06473],[81.965,26.07845],[82.06676,26.05177],[82.10947,26.07557],[82.18678,26.04118],[82.20343,26.01508],[82.24789,26.05695],[82.27339,26.03899],[82.32017,26.04029],[82.34721,26.00562],[82.38205,26.03209],[82.40246,26.02889],[82.40199,26.01001],[82.42612,26.01104],[82.43233,26.00882]]]}},{"type":"Feature","properties":{"DISTRICT":"Rae Bareli","ST_NM":"Uttar Pradesh","ST_CEN_CD":9,"DT_CEN_CD":27,"censuscode":158},"geometry":{"type":"Polygon","coordinates":[[[81.54215,26.52097],[81.57236,26.45843],[81.54688,26.4241],[81.56954,26.35472],[81.5554,26.30864],[81.5843,26.27605],[81.59449,26.22099],[81.61616,26.21493],[81.61945,26.1783],[81.59897,26.14203],[81.54342,26.12222],[81.53947,26.10032],[81.56911,26.07307],[81.5491,26.05496],[81.53597,26.06235],[81.51872,26.03436],[81.54118,26.04305],[81.53939,26.02498],[81.56753,26.02878],[81.55854,26.00084],[81.59586,25.9662],[81.57163,25.97326],[81.52502,25.95528],[81.50623,25.973],[81.49249,25.9626],[81.50907,25.94986],[81.48772,25.93093],[81.44765,25.93698],[81.44439,25.91777],[81.37517,25.8851],[81.37235,25.86664],[81.33517,25.87001],[81.33112,25.84591],[81.35462,25.8246],[81.33679,25.81015],[81.29681,25.84366],[81.23348,25.86109],[81.21664,25.92639],[81.11637,25.95488],[81.11806,25.97277],[81.06791,26.0002],[81.01933,26.06338],[80.94016,26.0657],[80.82641,26.0304],[80.67664,26.10473],[80.67615,26.12127],[80.70036,26.11704],[80.69759,26.16027],[80.77083,26.18211],[80.77165,26.21223],[80.82247,26.20181],[80.82606,26.22674],[80.8801,26.27831],[80.88776,26.29189],[80.87171,26.3159],[80.83213,26.34118],[80.84612,26.37114],[80.89159,26.35721],[80.89388,26.34286],[80.92519,26.34075],[80.93855,26.35674],[80.94548,26.31644],[80.96933,26.30672],[80.99879,26.31382],[81.00001,26.34549],[81.05099,26.37335],[81.03112,26.37609],[81.03135,26.41176],[80.98518,26.46744],[81.00351,26.48328],[81.00001,26.53494],[81.05119,26.50187],[81.10014,26.55975],[81.127,26.55955],[81.14299,26.58617],[81.18518,26.60474],[81.28261,26.56981],[81.31606,26.53904],[81.35718,26.54588],[81.38328,26.58695],[81.41654,26.56442],[81.46195,26.57077],[81.48815,26.53975],[81.51605,26.54688],[81.51146,26.52831],[81.53657,26.52582],[81.54215,26.52097]]]}},{"type":"Feature","properties":{"DISTRICT":"Rampur","ST_NM":"Uttar Pradesh","ST_CEN_CD":9,"DT_CEN_CD":5,"censuscode":136},"geometry":{"type":"Polygon","coordinates":[[[79.40738,28.87933],[79.38257,28.87076],[79.40927,28.85122],[79.38721,28.84174],[79.40702,28.83706],[79.40478,28.81958],[79.37252,28.81684],[79.39174,28.76061],[79.36101,28.76707],[79.36497,28.73984],[79.30157,28.71591],[79.27678,28.66702],[79.2373,28.63719],[79.24198,28.60338],[79.22191,28.57246],[79.20873,28.5794],[79.16266,28.53613],[79.15501,28.50345],[79.11727,28.48189],[79.07848,28.483],[79.07827,28.46419],[79.05118,28.46519],[79.05597,28.44879],[79.0001,28.43148],[79.00011,28.38477],[78.97758,28.42039],[78.93674,28.43793],[78.92037,28.47943],[78.94072,28.51289],[78.92736,28.5399],[78.93765,28.56253],[78.83923,28.66015],[78.83859,28.68061],[78.84866,28.72662],[78.8794,28.69044],[78.94602,28.71285],[78.95279,28.74409],[78.97574,28.76321],[78.95176,28.78154],[78.97226,28.82526],[78.94174,28.83214],[78.94711,28.84985],[78.91052,28.86328],[78.88784,28.8975],[78.90369,28.93852],[78.88409,28.96064],[78.88492,28.98109],[78.90411,28.98038],[78.94714,29.02043],[78.93522,29.07947],[78.95963,29.092],[78.94925,29.10353],[78.96927,29.1215],[78.97253,29.15981],[79.01246,29.11048],[79.04162,29.11936],[79.02068,29.13015],[79.02292,29.15115],[79.04063,29.14633],[79.03894,29.16621],[79.14278,29.12328],[79.15591,29.10053],[79.14886,29.06326],[79.17727,29.04516],[79.1701,29.01679],[79.21588,29.02302],[79.3107,28.947],[79.3637,28.94632],[79.37152,28.96437],[79.38883,28.93093],[79.41324,28.92615],[79.41213,28.88947],[79.40738,28.87933]]]}},{"type":"Feature","properties":{"DISTRICT":"Saharanpur","ST_NM":"Uttar Pradesh","ST_CEN_CD":9,"DT_CEN_CD":1,"censuscode":132},"geometry":{"type":"Polygon","coordinates":[[[77.94459,30.24171],[77.85136,30.10701],[77.82584,30.08438],[77.7992,30.09473],[77.77023,30.04299],[77.78489,30.02103],[77.74263,29.98219],[77.75749,29.96233],[77.73013,29.92968],[77.74546,29.90818],[77.71539,29.88448],[77.71558,29.86237],[77.74239,29.84776],[77.77693,29.78009],[77.77102,29.70802],[77.80704,29.69503],[77.80125,29.68044],[77.82315,29.66703],[77.79101,29.62873],[77.74416,29.6038],[77.69682,29.61444],[77.66174,29.56105],[77.62496,29.61298],[77.53873,29.63348],[77.53341,29.62022],[77.50099,29.62542],[77.48613,29.65541],[77.45337,29.67106],[77.43281,29.64961],[77.34171,29.64509],[77.22301,29.69547],[77.20274,29.67958],[77.14384,29.69458],[77.155,29.70106],[77.12467,29.74375],[77.12879,29.76606],[77.16421,29.78841],[77.2012,29.91721],[77.27541,29.99729],[77.28275,30.04351],[77.42696,30.1022],[77.41054,30.11382],[77.43619,30.16358],[77.48599,30.18366],[77.53968,30.27738],[77.58334,30.30629],[77.60511,30.36594],[77.5762,30.39961],[77.64741,30.40595],[77.72391,30.33372],[77.94134,30.2425],[77.94459,30.24171]]]}},{"type":"Feature","properties":{"DISTRICT":"Sant Kabir Nagar","ST_NM":"Uttar Pradesh","ST_CEN_CD":9,"DT_CEN_CD":55,"censuscode":186},"geometry":{"type":"Polygon","coordinates":[[[83.12753,27.10167],[83.15124,27.05481],[83.132,27.04926],[83.15072,27.04049],[83.14432,27.00485],[83.21681,27.01644],[83.22638,26.97892],[83.19633,26.96772],[83.20884,26.95437],[83.19603,26.94457],[83.22751,26.93683],[83.2104,26.93544],[83.2173,26.88415],[83.15757,26.8718],[83.13746,26.8872],[83.12068,26.81884],[83.10029,26.80775],[83.1128,26.76646],[83.13618,26.77721],[83.14549,26.74605],[83.08564,26.70047],[83.1172,26.68396],[83.10324,26.65858],[83.13256,26.65486],[83.13518,26.633],[83.10934,26.61567],[83.12016,26.59394],[83.13727,26.59501],[83.14122,26.56224],[83.17143,26.53038],[83.2054,26.52409],[83.19003,26.48894],[83.16866,26.50601],[83.09679,26.48377],[83.0863,26.46834],[83.09605,26.42512],[83.0708,26.40784],[83.01873,26.47843],[82.88186,26.54006],[82.90154,26.61897],[82.92579,26.61898],[82.91276,26.64406],[82.93314,26.65334],[82.93492,26.67299],[82.94742,26.67744],[82.96119,26.64904],[82.97897,26.6522],[82.97961,26.73137],[82.9345,26.76073],[82.93162,26.79132],[82.8891,26.79137],[82.83661,26.84962],[82.86717,26.8818],[82.84854,26.91055],[82.86943,26.92277],[82.86018,26.93544],[82.92631,26.92914],[82.90694,26.93927],[82.91333,26.97134],[82.89287,26.9904],[82.90483,27.02114],[82.95012,27.02168],[82.97783,27.04736],[82.96876,27.0593],[83.03896,27.08288],[83.03444,27.09583],[83.11056,27.10814],[83.12137,27.09671],[83.12753,27.10167]]]}},{"type":"Feature","properties":{"DISTRICT":"Sant Ravi Das Nagar(bhadohi)","ST_NM":"Uttar Pradesh","ST_CEN_CD":9,"DT_CEN_CD":67,"censuscode":198},"geometry":{"type":"Polygon","coordinates":[[[82.69373,25.3945],[82.71094,25.38746],[82.70615,25.36232],[82.68274,25.35269],[82.70371,25.319],[82.68933,25.28058],[82.67537,25.2811],[82.67205,25.24822],[82.6447,25.25791],[82.63726,25.21843],[82.61616,25.22742],[82.61454,25.24512],[82.58642,25.25117],[82.55714,25.23912],[82.4763,25.24683],[82.4509,25.22057],[82.39319,25.26152],[82.36074,25.21408],[82.34101,25.20969],[82.31372,25.25909],[82.28493,25.27479],[82.26017,25.26447],[82.24088,25.22093],[82.28675,25.18917],[82.22065,25.18273],[82.19691,25.20419],[82.22242,25.27555],[82.25258,25.27388],[82.30218,25.30821],[82.3193,25.34035],[82.31489,25.39172],[82.35332,25.41877],[82.31064,25.46114],[82.30992,25.48384],[82.28394,25.48753],[82.31729,25.50143],[82.3026,25.52124],[82.33145,25.49828],[82.3304,25.53604],[82.36664,25.50844],[82.39666,25.52137],[82.41229,25.49031],[82.42631,25.51589],[82.44458,25.51693],[82.44913,25.49498],[82.47965,25.48613],[82.46991,25.46797],[82.50308,25.47464],[82.51488,25.44166],[82.5507,25.43825],[82.54205,25.46211],[82.55904,25.45589],[82.57057,25.41514],[82.5809,25.4514],[82.60654,25.4504],[82.59917,25.41719],[82.6392,25.40595],[82.61973,25.39361],[82.69297,25.39375],[82.69373,25.3945]]]}},{"type":"Feature","properties":{"DISTRICT":"Shahjahanpur","ST_NM":"Uttar Pradesh","ST_CEN_CD":9,"DT_CEN_CD":21,"censuscode":152},"geometry":{"type":"Polygon","coordinates":[[[80.30104,28.45334],[80.34828,28.4071],[80.36994,28.33557],[80.30702,28.25853],[80.30193,28.15197],[80.25106,28.1505],[80.25957,28.08423],[80.24576,28.05365],[80.23022,28.05663],[80.15905,28.00171],[80.12358,27.99626],[80.08211,27.92665],[80.02545,27.91877],[80.03182,27.88208],[80.05787,27.85309],[80.03454,27.82942],[80.05463,27.82349],[80.04582,27.81206],[80.07319,27.7472],[79.9662,27.72979],[79.94595,27.71382],[79.91404,27.72057],[79.91826,27.70307],[79.88169,27.7],[79.86142,27.64974],[79.81449,27.65657],[79.7666,27.71268],[79.7378,27.71906],[79.72886,27.67221],[79.68837,27.63343],[79.71659,27.58191],[79.70906,27.54674],[79.73096,27.52861],[79.73231,27.48628],[79.71642,27.47322],[79.65793,27.50666],[79.65618,27.57463],[79.64279,27.57988],[79.65909,27.60956],[79.65334,27.64087],[79.5982,27.61439],[79.61265,27.59314],[79.50202,27.5891],[79.48038,27.59647],[79.48301,27.61393],[79.46009,27.63495],[79.4273,27.62766],[79.34659,27.64784],[79.35435,27.66947],[79.33146,27.72794],[79.35905,27.73745],[79.35671,27.79006],[79.40727,27.8415],[79.48651,27.84258],[79.46064,27.89599],[79.49038,27.94245],[79.46942,27.96709],[79.4767,27.98444],[79.52868,28.05921],[79.5862,28.09074],[79.63144,28.08606],[79.638,28.12195],[79.62247,28.15377],[79.64241,28.20886],[79.67202,28.22105],[79.67892,28.26329],[79.7069,28.23429],[79.73651,28.22921],[79.71438,28.20501],[79.73456,28.19569],[79.72444,28.17956],[79.7459,28.18496],[79.78166,28.1598],[79.80249,28.1685],[79.82171,28.19952],[79.8108,28.23678],[79.83148,28.23938],[79.84042,28.20858],[79.88743,28.17793],[79.86282,28.13811],[79.9067,28.14014],[79.95552,28.11686],[79.96522,28.16756],[79.94189,28.31088],[79.95287,28.32819],[80.00794,28.34463],[80.01444,28.36224],[80.07245,28.33216],[80.10013,28.38034],[80.12898,28.38764],[80.15639,28.38096],[80.18837,28.34488],[80.20457,28.3808],[80.23409,28.38324],[80.25183,28.40811],[80.24202,28.45273],[80.28668,28.45586],[80.30104,28.45334]]]}},{"type":"Feature","properties":{"DISTRICT":"Shrawasti","ST_NM":"Uttar Pradesh","ST_CEN_CD":9,"DT_CEN_CD":50,"censuscode":181},"geometry":{"type":"Polygon","coordinates":[[[82.20926,27.84409],[82.20139,27.8067],[82.16671,27.79114],[82.12463,27.7372],[82.13485,27.71215],[82.09464,27.67035],[82.08769,27.63867],[82.02628,27.58869],[82.03399,27.55248],[82.05597,27.55365],[82.0438,27.54429],[82.05587,27.53862],[82.04555,27.53413],[82.06095,27.49796],[82.05607,27.4505],[82.08557,27.42329],[82.07586,27.4071],[82.00379,27.41139],[81.98006,27.43985],[81.94436,27.43814],[81.92886,27.41159],[81.94132,27.38803],[81.91022,27.37014],[81.92344,27.32247],[81.85465,27.32911],[81.83886,27.28236],[81.81597,27.26704],[81.79662,27.29558],[81.77694,27.29579],[81.77784,27.31024],[81.73146,27.32999],[81.71336,27.40229],[81.67071,27.43787],[81.70825,27.49572],[81.76231,27.52241],[81.76963,27.55201],[81.7244,27.56886],[81.70744,27.54957],[81.67862,27.58378],[81.68287,27.60881],[81.64509,27.62161],[81.68436,27.63525],[81.67491,27.68468],[81.69073,27.71758],[81.64895,27.73519],[81.6553,27.75451],[81.63229,27.78754],[81.64008,27.82217],[81.62363,27.84411],[81.66894,27.87964],[81.69917,27.92899],[81.74952,27.94787],[81.80681,27.90209],[81.91035,27.85443],[81.92896,27.85964],[81.92737,27.87683],[81.97134,27.92945],[82.07377,27.92396],[82.126,27.86569],[82.20721,27.84569],[82.20926,27.84409]]]}},{"type":"Feature","properties":{"DISTRICT":"Siddharth Nagar","ST_NM":"Uttar Pradesh","ST_CEN_CD":9,"DT_CEN_CD":53,"censuscode":184},"geometry":{"type":"Polygon","coordinates":[[[83.29312,27.33727],[83.24435,27.2986],[83.25198,27.2833],[83.21459,27.26525],[83.21862,27.24229],[83.16986,27.2218],[83.17968,27.17645],[83.16927,27.14501],[83.14961,27.1676],[83.1237,27.15869],[83.1463,27.11167],[83.12521,27.11304],[83.12137,27.09671],[83.11056,27.10814],[83.03444,27.09583],[83.03896,27.08288],[82.96876,27.0593],[82.97783,27.04736],[82.94742,27.02063],[82.90483,27.02114],[82.75914,27.10504],[82.70796,27.104],[82.67286,27.12473],[82.63062,27.12424],[82.6175,27.09596],[82.56796,27.1045],[82.56818,27.07517],[82.53762,27.1181],[82.50784,27.12181],[82.49059,27.16664],[82.45413,27.15303],[82.43969,27.17344],[82.48388,27.20425],[82.5199,27.17607],[82.56967,27.18656],[82.54729,27.20424],[82.55577,27.21841],[82.51362,27.21392],[82.5237,27.23503],[82.49916,27.24289],[82.52563,27.26092],[82.50552,27.26025],[82.51218,27.28028],[82.49126,27.28694],[82.51662,27.30677],[82.48985,27.29543],[82.48639,27.30624],[82.5146,27.31799],[82.4726,27.32908],[82.49217,27.33598],[82.50395,27.36851],[82.54305,27.3722],[82.57855,27.4262],[82.62023,27.41935],[82.62784,27.40485],[82.67062,27.41791],[82.65584,27.40475],[82.70037,27.40931],[82.69931,27.4206],[82.70949,27.41101],[82.70823,27.42351],[82.7211,27.40259],[82.73991,27.41872],[82.76065,27.40947],[82.7607,27.43178],[82.72104,27.46638],[82.74058,27.50165],[82.92566,27.50048],[82.95061,27.47202],[83.0477,27.44852],[83.18417,27.45286],[83.27241,27.38061],[83.28318,27.34423],[83.29312,27.33727]]]}},{"type":"Feature","properties":{"DISTRICT":"Sitapur","ST_NM":"Uttar Pradesh","ST_CEN_CD":9,"DT_CEN_CD":23,"censuscode":154},"geometry":{"type":"Polygon","coordinates":[[[81.30346,27.68116],[81.31962,27.66051],[81.30436,27.60582],[81.32049,27.59492],[81.32502,27.55179],[81.30361,27.53731],[81.32695,27.52931],[81.32091,27.50175],[81.35106,27.42737],[81.41772,27.36016],[81.41231,27.33656],[81.39497,27.34317],[81.40179,27.32571],[81.38233,27.32036],[81.39502,27.30992],[81.37486,27.29189],[81.37747,27.26688],[81.34369,27.25458],[81.33752,27.27394],[81.32078,27.27344],[81.31783,27.32116],[81.29384,27.35691],[81.27607,27.33124],[81.2568,27.3367],[81.25466,27.3183],[81.22665,27.32105],[81.24063,27.30896],[81.24205,27.26864],[81.22444,27.27219],[81.21142,27.238],[81.18824,27.24181],[81.17002,27.26859],[81.1496,27.25857],[81.11768,27.27459],[81.09175,27.26571],[81.08811,27.22897],[81.06713,27.22151],[80.97047,27.24001],[80.96607,27.21674],[80.93143,27.1998],[80.93211,27.16156],[80.8308,27.09952],[80.80848,27.11283],[80.82316,27.15308],[80.8004,27.19205],[80.76615,27.2026],[80.7503,27.22644],[80.71594,27.2348],[80.69085,27.21548],[80.65704,27.2271],[80.64327,27.24598],[80.65568,27.25756],[80.62958,27.25436],[80.61866,27.27108],[80.60195,27.25919],[80.57126,27.29203],[80.55995,27.26953],[80.4986,27.25621],[80.51779,27.267],[80.5013,27.32508],[80.48218,27.34421],[80.45728,27.34188],[80.45577,27.3626],[80.46846,27.36473],[80.4533,27.37185],[80.45246,27.4007],[80.41932,27.41621],[80.42882,27.42188],[80.39042,27.47543],[80.35409,27.48395],[80.30614,27.58131],[80.32512,27.59987],[80.30469,27.61796],[80.31523,27.68199],[80.39148,27.713],[80.41577,27.74253],[80.45104,27.74822],[80.44942,27.77169],[80.46462,27.75787],[80.51982,27.80823],[80.56647,27.74844],[80.60628,27.74982],[80.64119,27.83896],[80.65424,27.81529],[80.66942,27.83087],[80.74306,27.78729],[80.74768,27.80995],[80.79078,27.81734],[80.82873,27.79087],[80.84738,27.8225],[80.89664,27.85163],[80.90783,27.833],[80.93184,27.84403],[80.97847,27.90573],[80.9743,27.89112],[81.00986,27.88033],[80.98812,27.82843],[81.0402,27.81313],[81.07218,27.82538],[81.10985,27.78941],[81.14501,27.80708],[81.14993,27.78219],[81.18149,27.78541],[81.22985,27.76026],[81.20016,27.75543],[81.18617,27.73243],[81.21542,27.71468],[81.24599,27.7289],[81.27057,27.70181],[81.25263,27.67729],[81.29387,27.67987],[81.30346,27.68116]]]}},{"type":"Feature","properties":{"DISTRICT":"Sonbhadra","ST_NM":"Uttar Pradesh","ST_CEN_CD":9,"DT_CEN_CD":69,"censuscode":200},"geometry":{"type":"Polygon","coordinates":[[[83.10778,24.81654],[83.08994,24.77949],[83.18703,24.71457],[83.28734,24.73721],[83.30854,24.71932],[83.33017,24.76617],[83.32165,24.78573],[83.3395,24.77291],[83.41934,24.77379],[83.46111,24.73187],[83.49047,24.73352],[83.4887,24.70433],[83.52168,24.67982],[83.50548,24.65034],[83.54965,24.6233],[83.52536,24.60198],[83.53251,24.5661],[83.50132,24.54087],[83.50607,24.52589],[83.40092,24.49996],[83.38929,24.45446],[83.40854,24.43599],[83.40799,24.40756],[83.43773,24.4027],[83.45919,24.36373],[83.38374,24.31352],[83.40966,24.26505],[83.38512,24.23473],[83.38611,24.1999],[83.35053,24.11343],[83.32414,24.10597],[83.29855,24.07327],[83.28563,24.02371],[83.22373,23.98865],[83.19725,23.9204],[83.13509,23.88932],[82.95722,23.87215],[82.80823,23.96639],[82.80505,24.00401],[82.75367,24.01192],[82.74773,24.02983],[82.77408,24.07661],[82.71624,24.07946],[82.66527,24.13339],[82.67872,24.15704],[82.72821,24.13763],[82.74402,24.16696],[82.7349,24.22179],[82.75782,24.23467],[82.77205,24.29091],[82.76855,24.37143],[82.72647,24.36957],[82.71512,24.3835],[82.7407,24.43103],[82.73178,24.47456],[82.74459,24.49799],[82.72367,24.51148],[82.72059,24.55436],[82.74927,24.55275],[82.75409,24.5397],[82.80883,24.55089],[82.80446,24.59791],[82.76816,24.59794],[82.77089,24.64374],[82.70328,24.64228],[82.70408,24.67371],[82.67369,24.69779],[82.53741,24.64983],[82.52657,24.67617],[82.55,24.6946],[82.53766,24.73588],[82.55612,24.7411],[82.54749,24.80784],[82.58285,24.83028],[82.6138,24.81151],[82.63449,24.82137],[82.62734,24.78821],[82.65916,24.78466],[82.70211,24.8088],[82.70352,24.82799],[82.75275,24.82082],[82.80857,24.85167],[82.90688,24.83446],[82.92677,24.85644],[82.95498,24.83758],[82.98647,24.89397],[83.01064,24.90542],[83.01438,24.84924],[83.03068,24.8369],[83.017,24.81469],[83.04608,24.81793],[83.05753,24.79914],[83.09507,24.81696],[83.10778,24.81654]]]}},{"type":"Feature","properties":{"DISTRICT":"Sultanpur","ST_NM":"Uttar Pradesh","ST_CEN_CD":9,"DT_CEN_CD":48,"censuscode":179},"geometry":{"type":"Polygon","coordinates":[[[81.7047,26.58686],[81.70167,26.54019],[81.67679,26.52894],[81.71063,26.50761],[81.72119,26.5367],[81.75775,26.54362],[81.7988,26.52739],[81.80949,26.5372],[81.84062,26.51258],[81.87665,26.53422],[81.89972,26.52237],[81.89545,26.50622],[81.97456,26.5107],[82.01094,26.4903],[82.0096,26.47775],[82.02453,26.49073],[82.05013,26.46741],[82.13422,26.46579],[82.12686,26.44903],[82.15379,26.44585],[82.15052,26.43087],[82.18783,26.41965],[82.18832,26.4074],[82.25384,26.39118],[82.27038,26.40245],[82.28214,26.38846],[82.30219,26.40269],[82.319,26.37888],[82.38228,26.37835],[82.40271,26.32661],[82.43347,26.29885],[82.45239,26.30418],[82.44845,26.28631],[82.55284,26.28389],[82.58156,26.25686],[82.60763,26.26439],[82.63828,26.24562],[82.66736,26.26211],[82.68038,26.25543],[82.69419,26.15514],[82.64187,26.15948],[82.65384,26.17389],[82.62745,26.17136],[82.60086,26.19607],[82.57167,26.16341],[82.56987,26.1311],[82.536,26.14576],[82.44499,26.13265],[82.43732,26.09803],[82.47887,26.07063],[82.46673,26.04434],[82.51642,26.0312],[82.50979,26.0158],[82.52382,26.00091],[82.49417,25.97263],[82.47747,26.00487],[82.40199,26.01001],[82.40246,26.02889],[82.38205,26.03209],[82.34721,26.00562],[82.32017,26.04029],[82.27339,26.03899],[82.25201,26.05682],[82.20343,26.01508],[82.18678,26.04118],[82.10947,26.07557],[82.06676,26.05177],[81.965,26.07845],[81.96541,26.06473],[81.94072,26.07407],[81.9329,26.05173],[81.88503,26.08034],[81.86154,26.04604],[81.83248,26.03612],[81.80374,26.04724],[81.79953,26.02804],[81.7827,26.02808],[81.77035,26.06785],[81.74235,26.08573],[81.7245,26.09282],[81.71791,26.06486],[81.68824,26.07613],[81.68487,26.11711],[81.64827,26.12802],[81.6538,26.1456],[81.61377,26.18367],[81.61616,26.21493],[81.59449,26.22099],[81.5843,26.27605],[81.5554,26.30864],[81.56954,26.35472],[81.54688,26.4241],[81.57236,26.45843],[81.53607,26.54101],[81.57517,26.60942],[81.55819,26.61247],[81.56232,26.66196],[81.619,26.62599],[81.64325,26.63667],[81.66595,26.62078],[81.67838,26.60116],[81.65065,26.60657],[81.65096,26.58155],[81.70363,26.58836],[81.7047,26.58686]]]}},{"type":"Feature","properties":{"DISTRICT":"Unnao","ST_NM":"Uttar Pradesh","ST_CEN_CD":9,"DT_CEN_CD":25,"censuscode":156},"geometry":{"type":"Polygon","coordinates":[[[80.56049,27.01078],[80.60014,26.98389],[80.59555,26.9549],[80.57105,26.95482],[80.56091,26.93635],[80.58177,26.92556],[80.60935,26.94405],[80.62371,26.9088],[80.64114,26.90303],[80.62791,26.88053],[80.69375,26.85002],[80.73771,26.77566],[80.7557,26.77384],[80.73189,26.75442],[80.6926,26.75998],[80.71769,26.69965],[80.69735,26.6857],[80.72941,26.65586],[80.75705,26.68616],[80.79454,26.64635],[80.84284,26.66302],[80.88314,26.6313],[80.87716,26.61419],[80.89227,26.62156],[80.89194,26.59786],[80.92667,26.59165],[80.93692,26.56762],[81.00001,26.53494],[81.00351,26.48328],[80.98518,26.46744],[81.03135,26.41176],[81.03112,26.37609],[81.05099,26.37335],[81.00001,26.34549],[80.99879,26.31382],[80.96933,26.30672],[80.94548,26.31644],[80.93855,26.35674],[80.92519,26.34075],[80.89388,26.34286],[80.89159,26.35721],[80.84612,26.37114],[80.83213,26.34118],[80.87171,26.3159],[80.88569,26.28722],[80.82606,26.22674],[80.82247,26.20181],[80.77165,26.21223],[80.77083,26.18211],[80.69759,26.16027],[80.69892,26.11461],[80.65418,26.14728],[80.61446,26.15161],[80.60798,26.21805],[80.56068,26.23408],[80.53332,26.35754],[80.42244,26.42393],[80.40011,26.46431],[80.34789,26.48572],[80.30981,26.52558],[80.29509,26.55989],[80.30399,26.6057],[80.25913,26.66948],[80.23324,26.68728],[80.18652,26.68676],[80.14128,26.7324],[80.11999,26.77539],[80.10687,26.87164],[80.06759,26.91892],[80.05165,26.91907],[80.08599,26.9589],[80.10517,26.96032],[80.11499,26.99505],[80.14865,26.97851],[80.183,26.99677],[80.17418,26.95866],[80.22073,26.96516],[80.25217,27.0266],[80.2857,27.03005],[80.30795,27.02277],[80.29548,27.00069],[80.32838,26.98942],[80.36105,26.92275],[80.3872,26.92967],[80.41584,26.88736],[80.44615,26.96653],[80.55874,27.01021],[80.56049,27.01078]]]}},{"type":"Feature","properties":{"DISTRICT":"Varanasi","ST_NM":"Uttar Pradesh","ST_CEN_CD":9,"DT_CEN_CD":66,"censuscode":197},"geometry":{"type":"Polygon","coordinates":[[[83.07233,25.55071],[83.06435,25.52846],[83.08914,25.49168],[83.11498,25.49726],[83.10239,25.52476],[83.15705,25.50275],[83.17402,25.52348],[83.17581,25.49666],[83.1308,25.444],[83.18633,25.42224],[83.19483,25.40531],[83.14565,25.31812],[83.09012,25.3301],[83.01726,25.30318],[83.07106,25.24485],[83.03196,25.2418],[83.00221,25.20271],[82.90182,25.21561],[82.8477,25.16678],[82.81341,25.18785],[82.80183,25.17345],[82.78431,25.20476],[82.81672,25.20636],[82.80511,25.223],[82.82003,25.25629],[82.78594,25.24844],[82.78514,25.22907],[82.77996,25.27131],[82.76241,25.26779],[82.75282,25.24063],[82.71075,25.26264],[82.67205,25.24822],[82.67537,25.2811],[82.68933,25.28058],[82.70394,25.32038],[82.68274,25.35269],[82.70551,25.36095],[82.71112,25.38635],[82.68513,25.419],[82.72015,25.43348],[82.70587,25.45753],[82.73639,25.46208],[82.71066,25.48252],[82.72583,25.50865],[82.71532,25.53291],[82.74253,25.5462],[82.77969,25.52889],[82.79872,25.55178],[82.8371,25.55275],[82.86684,25.57997],[82.87981,25.56569],[82.92992,25.57003],[82.9544,25.52474],[82.98255,25.55378],[83.01152,25.54835],[83.02177,25.5754],[83.04419,25.53969],[83.06762,25.55547],[83.07233,25.55071]]]}}]}
